date,subscribers
2012-10-29 5:30,4414
2012-10-30 5:30,4418
2012-10-31 5:30,4432
2012-11-01 5:30,4442
2012-11-02 5:30,4449
2012-11-03 5:30,4471
2012-11-04 5:30,4486
2012-11-05 5:30,4502
2012-11-06 5:30,4511
2012-11-07 5:30,4524
2012-11-08 5:30,4536
2012-11-09 5:30,4541
2012-11-10 5:30,4544
2012-11-11 5:30,4558
2012-11-12 5:30,4566
2012-11-13 5:30,4583
2012-11-14 5:30,4595
2012-11-15 5:30,4608
2012-11-16 5:30,4617
2012-11-17 5:30,4619
2012-11-18 5:30,4630
2012-11-19 5:30,4652
2012-11-20 5:30,4658
2012-11-21 5:30,4670
2012-11-22 5:30,4684
2012-11-23 5:30,4697
2012-11-24 5:30,4708
2012-11-25 5:30,4719
2012-11-26 5:30,4728
2012-11-27 5:30,4738
2012-11-28 5:30,4745
2012-11-29 5:30,4747
2012-11-30 5:30,4749
2012-12-01 5:30,4768
2012-12-02 5:30,4789
2012-12-03 5:30,4802
2012-12-04 5:30,4824
2012-12-05 5:30,4836
2012-12-06 5:30,4936
2012-12-07 5:30,5021
2012-12-08 5:30,5036
2012-12-09 5:30,5046
2012-12-10 5:30,5061
2012-12-11 5:30,5074
2012-12-12 5:30,5079
2012-12-13 5:30,5092
2012-12-14 5:30,5104
2012-12-15 5:30,5117
2012-12-16 5:30,5123
2012-12-17 5:30,5132
2012-12-18 5:30,5146
2012-12-19 5:30,5154
2012-12-20 5:30,5166
2012-12-21 5:30,5173
2012-12-22 5:30,5189
2012-12-23 5:30,5204
2012-12-24 5:30,5213
2012-12-25 5:30,5230
2012-12-26 5:30,5246
2012-12-27 5:30,5262
2012-12-28 5:30,5376
2012-12-29 5:30,5396
2012-12-30 5:30,5407
2012-12-31 5:30,5439
2013-01-01 5:30,5537
2013-01-02 5:30,5579
2013-01-03 5:30,5594
2013-01-04 5:30,5613
2013-01-05 5:30,5630
2013-01-06 5:30,5658
2013-01-07 5:30,5692
2013-01-08 5:30,5719
2013-01-09 5:30,5736
2013-01-10 5:30,5749
2013-01-11 5:30,6145
2013-01-12 5:30,6198
2013-01-13 5:30,6223
2013-01-14 5:30,6248
2013-01-15 5:30,6270
2013-01-16 5:30,6282
2013-01-17 5:30,6295
2013-01-18 5:30,6317
2013-01-19 5:30,6334
2013-01-20 5:30,6357
2013-01-21 5:30,6377
2013-01-22 5:30,6397
2013-01-23 5:30,6424
2013-01-24 5:30,6447
2013-01-25 5:30,6455
2013-01-26 5:30,6465
2013-01-27 5:30,6486
2013-01-28 5:30,6498
2013-01-29 5:30,6503
2013-01-30 5:30,6513
2013-01-31 5:30,6519
2013-02-01 5:30,6521
2013-02-02 5:30,6534
2013-02-03 5:30,6547
2013-02-04 5:30,6555
2013-02-05 5:30,6580
2013-02-06 5:30,6591
2013-02-07 5:30,6598
2013-02-08 5:30,6609
2013-02-09 5:30,6620
2013-02-10 5:30,6644
2013-02-11 5:30,6648
2013-02-12 5:30,6666
2013-02-13 5:30,6674
2013-02-14 5:30,6678
2013-02-15 5:30,6681
2013-02-16 5:30,6695
2013-02-17 5:30,6731
2013-02-18 5:30,6758
2013-02-19 5:30,6774
2013-02-20 5:30,6783
2013-02-21 5:30,6810
2013-02-22 5:30,6843
2013-02-23 5:30,6856
2013-02-24 5:30,7100
2013-02-25 5:30,7153
2013-02-26 5:30,7179
2013-02-27 5:30,7198
2013-02-28 5:30,7214
2013-03-01 5:30,7215
2013-03-02 5:30,7223
2013-03-03 5:30,7240
2013-03-04 5:30,7280
2013-03-05 5:30,7296
2013-03-06 5:30,7304
2013-03-07 5:30,7311
2013-03-08 5:30,7315
2013-03-09 5:30,7339
2013-03-10 5:30,7352
2013-03-11 5:30,7365
2013-03-12 5:30,7374
2013-03-13 5:30,7383
2013-03-14 5:30,7386
2013-03-15 5:30,7415
2013-03-16 5:30,7425
2013-03-17 5:30,7450
2013-03-18 5:30,7454
2013-03-19 5:30,7459
2013-03-20 5:30,7465
2013-03-21 5:30,7479
2013-03-22 5:30,7475
2013-03-23 5:30,7482
2013-03-24 5:30,7497
2013-03-25 5:30,7507
2013-03-26 5:30,7513
2013-03-27 5:30,7522
2013-03-28 5:30,7547
2013-03-29 5:30,7556
2013-03-30 5:30,7572
2013-03-31 5:30,7587
2013-04-01 5:30,7603
2013-04-02 5:30,7600
2013-04-03 5:30,7642
2013-04-04 5:30,7668
2013-04-05 5:30,7676
2013-04-06 5:30,7683
2013-04-07 5:30,7700
2013-04-08 5:30,7724
2013-04-09 5:30,7740
2013-04-10 5:30,7758
2013-04-11 5:30,7774
2013-04-12 5:30,7779
2013-04-13 5:30,7803
2013-04-14 5:30,7825
2013-04-15 5:30,7830
2013-04-16 5:30,7842
2013-04-17 5:30,7858
2013-04-18 5:30,7869
2013-04-19 5:30,7874
2013-04-20 5:30,7879
2013-04-21 5:30,7906
2013-04-22 5:30,7961
2013-04-23 5:30,7972
2013-04-24 5:30,7983
2013-04-25 5:30,7995
2013-04-26 5:30,8004
2013-04-27 5:30,8015
2013-04-28 5:30,8024
2013-04-29 5:30,8039
2013-04-30 5:30,8040
2013-05-01 5:30,8077
2013-05-02 5:30,8094
2013-05-03 5:30,8100
2013-05-04 5:30,8117
2013-05-05 5:30,8121
2013-05-06 5:30,8146
2013-05-07 5:30,8274
2013-05-08 5:30,8329
2013-05-09 5:30,8343
2013-05-10 5:30,8371
2013-05-11 5:30,8391
2013-05-12 5:30,8420
2013-05-13 5:30,8437
2013-05-14 5:30,8454
2013-05-15 5:30,8475
2013-05-16 5:30,8484
2013-05-17 5:30,8557
2013-05-18 5:30,8573
2013-05-19 5:30,8601
2013-05-20 5:30,8612
2013-05-21 5:30,8633
2013-05-22 5:30,8643
2013-05-23 5:30,8662
2013-05-24 5:30,8681
2013-05-25 5:30,8696
2013-05-26 5:30,8708
2013-05-27 5:30,8720
2013-05-28 5:30,8743
2013-05-29 5:30,8770
2013-05-30 5:30,8787
2013-05-31 5:30,8792
2013-06-01 5:30,8798
2013-06-02 5:30,8806
2013-06-03 5:30,8843
2013-06-04 5:30,8857
2013-06-05 5:30,8863
2013-06-06 5:30,8878
2013-06-07 5:30,8893
2013-06-08 5:30,8904
2013-06-09 5:30,8916
2013-06-10 5:30,8930
2013-06-11 5:30,8934
2013-06-12 5:30,8949
2013-06-13 5:30,8952
2013-06-14 5:30,8964
2013-06-15 5:30,8975
2013-06-16 5:30,8981
2013-06-17 5:30,8990
2013-06-18 5:30,8995
2013-06-19 5:30,9007
2013-06-20 5:30,9020
2013-06-21 5:30,9031
2013-06-22 5:30,9046
2013-06-23 5:30,9061
2013-06-24 5:30,9073
2013-06-25 5:30,9111
2013-06-26 5:30,9134
2013-06-27 5:30,9177
2013-06-28 5:30,9192
2013-06-29 5:30,9209
2013-06-30 5:30,9225
2013-07-01 5:30,9237
2013-07-02 5:30,9249
2013-07-03 5:30,9273
2013-07-04 5:30,9286
2013-07-05 5:30,9314
2013-07-06 5:30,9340
2013-07-07 5:30,9362
2013-07-08 5:30,9432
2013-07-09 5:30,9442
2013-07-10 5:30,9461
2013-07-11 5:30,9482
2013-07-12 5:30,9488
2013-07-13 5:30,9493
2013-07-14 5:30,9505
2013-07-15 5:30,9525
2013-07-16 5:30,9544
2013-07-17 5:30,9566
2013-07-18 5:30,9615
2013-07-19 5:30,9628
2013-07-20 5:30,9642
2013-07-21 5:30,9661
2013-07-22 5:30,9670
2013-07-23 5:30,9686
2013-07-24 5:30,9713
2013-07-25 5:30,9722
2013-07-26 5:30,9745
2013-07-27 5:30,9759
2013-07-28 5:30,9790
2013-07-29 5:30,9821
2013-07-30 5:30,9835
2013-07-31 5:30,9843
2013-08-01 5:30,9856
2013-08-02 5:30,9869
2013-08-03 5:30,9873
2013-08-04 5:30,9893
2013-08-05 5:30,9915
2013-08-06 5:30,9940
2013-08-07 5:30,9953
2013-08-08 5:30,9963
2013-08-09 5:30,9986
2013-08-10 5:30,10009
2013-08-11 5:30,10014
2013-08-12 5:30,10037
2013-08-13 5:30,10061
2013-08-14 5:30,10082
2013-08-15 5:30,10105
2013-08-16 5:30,10115
2013-08-17 5:30,10133
2013-08-18 5:30,10157
2013-08-19 5:30,10187
2013-08-20 5:30,10210
2013-08-21 5:30,10242
2013-08-22 5:30,10250
2013-08-23 5:30,10252
2013-08-24 5:30,10261
2013-08-25 5:30,10305
2013-08-26 5:30,10316
2013-08-27 5:30,10328
2013-08-28 5:30,10335
2013-08-29 5:30,10353
2013-08-30 5:30,10348
2013-08-31 5:30,10350
2013-09-01 5:30,10379
2013-09-02 5:30,10401
2013-09-03 5:30,10424
2013-09-04 5:30,10451
2013-09-05 5:30,10464
2013-09-06 5:30,10481
2013-09-07 5:30,10492
2013-09-08 5:30,10505
2013-09-09 5:30,10538
2013-09-10 5:30,10566
2013-09-11 5:30,10581
2013-09-12 5:30,10608
2013-09-13 5:30,10634
2013-09-14 5:30,10656
2013-09-15 5:30,10668
2013-09-16 5:30,10683
2013-09-17 5:30,10696
2013-09-18 5:30,10707
2013-09-19 5:30,10715
2013-09-20 5:30,10728
2013-09-21 5:30,10741
2013-09-22 5:30,10764
2013-09-23 5:30,10778
2013-09-24 5:30,10789
2013-09-25 5:30,10819
2013-09-26 5:30,10832
2013-09-27 5:30,10836
2013-09-28 5:30,10854
2013-09-29 5:30,10877
2013-09-30 5:30,10895
2013-10-01 5:30,10906
2013-10-02 5:30,10932
2013-10-03 5:30,10950
2013-10-04 5:30,10956
2013-10-05 5:30,10963
2013-10-06 5:30,10983
2013-10-07 5:30,11009
2013-10-08 5:30,11015
2013-10-09 5:30,11017
2013-10-10 5:30,11024
2013-10-11 5:30,11036
2013-10-12 5:30,11048
2013-10-13 5:30,11072
2013-10-14 5:30,11134
2013-10-15 5:30,11163
2013-10-16 5:30,11177
2013-10-17 5:30,11181
2013-10-18 5:30,11188
2013-10-19 5:30,11200
2013-10-20 5:30,11212
2013-10-21 5:30,11229
2013-10-22 5:30,11251
2013-10-23 5:30,11270
2013-10-24 5:30,11279
2013-10-25 5:30,11291
2013-10-26 5:30,11306
2013-10-27 5:30,11333
2013-10-28 5:30,11450
2013-10-29 5:30,11491
2013-10-30 5:30,11499
2013-10-31 5:30,11512
2013-11-01 5:30,11521
2013-11-02 5:30,11538
2013-11-03 5:30,11567
2013-11-04 5:30,11588
2013-11-05 5:30,11591
2013-11-06 5:30,11611
2013-11-07 5:30,11623
2013-11-08 5:30,11641
2013-11-09 5:30,11657
2013-11-10 5:30,11667
2013-11-11 5:30,11706
2013-11-12 5:30,11742
2013-11-13 5:30,11750
2013-11-14 5:30,11764
2013-11-15 5:30,11782
2013-11-16 5:30,11804
2013-11-17 5:30,11831
2013-11-18 5:30,11864
2013-11-19 5:30,11880
2013-11-20 5:30,11887
2013-11-21 5:30,11927
2013-11-22 5:30,11937
2013-11-23 5:30,11956
2013-11-24 5:30,12038
2013-11-25 5:30,12063
2013-11-26 5:30,12078
2013-11-27 5:30,12099
2013-11-28 5:30,12124
2013-11-29 5:30,12151
2013-11-30 5:30,12178
2013-12-01 5:30,12201
2013-12-02 5:30,12258
2013-12-03 5:30,12290
2013-12-04 5:30,12298
2013-12-05 5:30,12311
2013-12-06 5:30,12331
2013-12-07 5:30,12341
2013-12-08 5:30,12362
2013-12-09 5:30,12385
2013-12-10 5:30,12409
2013-12-11 5:30,12422
2013-12-12 5:30,12430
2013-12-13 5:30,12427
2013-12-14 5:30,12442
2013-12-15 5:30,12471
2013-12-16 5:30,12487
2013-12-17 5:30,12513
2013-12-18 5:30,12537
2013-12-19 5:30,12550
2013-12-20 5:30,12557
2013-12-21 5:30,12565
2013-12-22 5:30,12584
2013-12-23 5:30,12604
2013-12-24 5:30,12608
2013-12-25 5:30,12627
2013-12-26 5:30,12656
2013-12-27 5:30,12688
2013-12-28 5:30,12705
2013-12-29 5:30,12740
2013-12-30 5:30,12782
2013-12-31 5:30,12802
2014-01-01 5:30,12858
2014-01-02 5:30,12882
2014-01-03 5:30,12930
2014-01-04 5:30,12945
2014-01-05 5:30,12982
2014-01-06 5:30,13078
2014-01-07 5:30,13108
2014-01-08 5:30,13123
2014-01-09 5:30,13138
2014-01-10 5:30,13183
2014-01-11 5:30,13232
2014-01-12 5:30,13248
2014-01-13 5:30,13283
2014-01-14 5:30,13314
2014-01-15 5:30,13334
2014-01-16 5:30,13338
2014-01-17 5:30,13352
2014-01-18 5:30,13370
2014-01-19 5:30,13394
2014-01-20 5:30,13416
2014-01-21 5:30,13442
2014-01-22 5:30,13472
2014-01-23 5:30,13493
2014-01-24 5:30,13506
2014-01-25 5:30,13550
2014-01-26 5:30,13571
2014-01-27 5:30,13613
2014-01-28 5:30,13641
2014-01-29 5:30,13666
2014-01-30 5:30,13685
2014-01-31 5:30,13706
2014-02-01 5:30,13724
2014-02-02 5:30,13749
2014-02-03 5:30,13782
2014-02-04 5:30,13811
2014-02-05 5:30,13834
2014-02-06 5:30,13850
2014-02-07 5:30,13859
2014-02-08 5:30,13874
2014-02-09 5:30,13891
2014-02-10 5:30,13916
2014-02-11 5:30,13935
2014-02-12 5:30,13952
2014-02-13 5:30,13980
2014-02-14 5:30,13993
2014-02-15 5:30,14015
2014-02-16 5:30,14056
2014-02-17 5:30,14092
2014-02-18 5:30,14130
2014-02-19 5:30,14161
2014-02-20 5:30,14176
2014-02-21 5:30,14182
2014-02-22 5:30,14195
2014-02-23 5:30,14222
2014-02-24 5:30,14250
2014-02-25 5:30,14263
2014-02-26 5:30,14282
2014-02-27 5:30,14304
2014-02-28 5:30,14317
2014-03-01 5:30,14321
2014-03-02 5:30,14358
2014-03-03 5:30,14390
2014-03-04 5:30,14403
2014-03-05 5:30,14416
2014-03-06 5:30,14421
2014-03-07 5:30,14429
2014-03-08 5:30,14691
2014-03-09 5:30,14703
2014-03-10 5:30,14716
2014-03-11 5:30,14741
2014-03-12 5:30,14758
2014-03-13 5:30,14771
2014-03-14 5:30,14776
2014-03-15 5:30,14797
2014-03-16 5:30,14815
2014-03-17 5:30,14838
2014-03-18 5:30,14863
2014-03-19 5:30,14871
2014-03-20 5:30,14892
2014-03-21 5:30,14911
2014-03-22 5:30,14931
2014-03-23 5:30,14941
2014-03-24 5:30,14964
2014-03-25 5:30,14982
2014-03-26 5:30,15000
2014-03-27 5:30,15014
2014-03-28 5:30,15036
2014-03-29 5:30,15081
2014-03-30 5:30,15112
2014-03-31 5:30,15134
2014-04-01 5:30,15161
2014-04-02 5:30,15179
2014-04-03 5:30,15202
2014-04-04 5:30,15200
2014-04-05 5:30,15208
2014-04-06 5:30,15234
2014-04-07 5:30,15264
2014-04-08 5:30,15277
2014-04-09 5:30,15298
2014-04-10 5:30,15339
2014-04-11 5:30,15353
2014-04-12 5:30,15361
2014-04-13 5:30,15407
2014-04-14 5:30,15440
2014-04-15 5:30,15452
2014-04-16 5:30,15497
2014-04-17 5:30,15523
2014-04-18 5:30,15532
2014-04-19 5:30,15538
2014-04-20 5:30,15572
2014-04-21 5:30,15587
2014-04-22 5:30,15613
2014-04-23 5:30,15637
2014-04-24 5:30,15644
2014-04-25 5:30,15652
2014-04-26 5:30,15671
2014-04-27 5:30,15695
2014-04-28 5:30,15707
2014-04-29 5:30,15734
2014-04-30 5:30,15748
2014-05-01 5:30,15769
2014-05-02 5:30,15778
2014-05-03 5:30,15794
2014-05-04 5:30,15814
2014-05-05 5:30,15839
2014-05-06 5:30,15853
2014-05-07 5:30,15880
2014-05-08 5:30,15913
2014-05-09 5:30,15930
2014-05-10 5:30,15951
2014-05-11 5:30,15972
2014-05-12 5:30,16012
2014-05-13 5:30,16092
2014-05-14 5:30,16127
2014-05-15 5:30,16147
2014-05-16 5:30,16152
2014-05-17 5:30,16169
2014-05-18 5:30,16189
2014-05-19 5:30,16240
2014-05-20 5:30,16325
2014-05-21 5:30,16342
2014-05-22 5:30,16382
2014-05-23 5:30,16391
2014-05-24 5:30,16404
2014-05-25 5:30,16405
2014-05-26 5:30,16426
2014-05-27 5:30,16435
2014-05-28 5:30,16456
2014-05-29 5:30,16471
2014-05-30 5:30,16481
2014-05-31 5:30,16496
2014-06-01 5:30,16528
2014-06-02 5:30,16554
2014-06-03 5:30,16580
2014-06-04 5:30,16600
2014-06-05 5:30,16596
2014-06-06 5:30,16600
2014-06-07 5:30,16601
2014-06-08 5:30,16622
2014-06-09 5:30,16645
2014-06-10 5:30,16667
2014-06-11 5:30,16690
2014-06-12 5:30,16690
2014-06-13 5:30,16695
2014-06-14 5:30,16711
2014-06-15 5:30,16727
2014-06-16 5:30,16755
2014-06-17 5:30,16771
2014-06-18 5:30,16788
2014-06-19 5:30,16802
2014-06-20 5:30,16817
2014-06-21 5:30,16827
2014-06-22 5:30,16859
2014-06-23 5:30,16884
2014-06-24 5:30,16907
2014-06-25 5:30,16924
2014-06-26 5:30,16954
2014-06-27 5:30,16978
2014-06-28 5:30,16988
2014-06-29 5:30,17011
2014-06-30 5:30,17263
2014-07-01 5:30,17309
2014-07-02 5:30,17328
2014-07-03 5:30,17523
2014-07-04 5:30,17541
2014-07-05 5:30,17567
2014-07-06 5:30,17633
2014-07-07 5:30,17682
2014-07-08 5:30,17715
2014-07-09 5:30,17762
2014-07-10 5:30,17780
2014-07-11 5:30,17816
2014-07-12 5:30,17833
2014-07-13 5:30,17906
2014-07-14 5:30,17944
2014-07-15 5:30,17967
2014-07-16 5:30,17982
2014-07-17 5:30,17998
2014-07-18 5:30,18019
2014-07-19 5:30,18028
2014-07-20 5:30,18043
2014-07-21 5:30,18073
2014-07-22 5:30,18094
2014-07-23 5:30,18120
2014-07-24 5:30,18134
2014-07-25 5:30,18147
2014-07-26 5:30,18166
2014-07-27 5:30,18180
2014-07-28 5:30,18223
2014-07-29 5:30,18258
2014-07-30 5:30,18281
2014-07-31 5:30,18310
2014-08-01 5:30,18324
2014-08-02 5:30,18328
2014-08-03 5:30,18359
2014-08-04 5:30,18376
2014-08-05 5:30,18410
2014-08-06 5:30,18421
2014-08-07 5:30,18440
2014-08-08 5:30,18445
2014-08-09 5:30,18454
2014-08-10 5:30,18477
2014-08-11 5:30,18507
2014-08-12 5:30,18542
2014-08-13 5:30,18569
2014-08-14 5:30,18588
2014-08-15 5:30,18609
2014-08-16 5:30,18621
2014-08-17 5:30,18650
2014-08-18 5:30,18672
2014-08-19 5:30,18703
2014-08-20 5:30,18715
2014-08-21 5:30,18728
2014-08-22 5:30,18737
2014-08-23 5:30,18770
2014-08-24 5:30,18806
2014-08-25 5:30,18823
2014-08-26 5:30,18838
2014-08-27 5:30,18857
2014-08-28 5:30,18884
2014-08-29 5:30,18901
2014-08-30 5:30,18921
2014-08-31 5:30,18937
2014-09-01 5:30,18946
2014-09-02 5:30,18974
2014-09-03 5:30,18995
2014-09-04 5:30,19024
2014-09-05 5:30,19027
2014-09-06 5:30,19054
2014-09-07 5:30,19088
2014-09-08 5:30,19118
2014-09-09 5:30,19146
2014-09-10 5:30,19177
2014-09-11 5:30,19201
2014-09-12 5:30,19233
2014-09-13 5:30,19257
2014-09-14 5:30,19273
2014-09-15 5:30,19304
2014-09-16 5:30,19336
2014-09-17 5:30,19350
2014-09-18 5:30,19371
2014-09-19 5:30,19396
2014-09-20 5:30,19414
2014-09-21 5:30,19437
2014-09-22 5:30,19469
2014-09-23 5:30,19466
2014-09-24 5:30,19500
2014-09-25 5:30,19537
2014-09-26 5:30,19558
2014-09-27 5:30,19574
2014-09-28 5:30,19596
2014-09-29 5:30,19738
2014-09-30 5:30,19795
2014-10-01 5:30,19825
2014-10-02 5:30,19838
2014-10-03 5:30,19854
2014-10-04 5:30,19864
2014-10-05 5:30,19905
2014-10-06 5:30,19931
2014-10-07 5:30,19951
2014-10-08 5:30,19980
2014-10-09 5:30,20010
2014-10-10 5:30,20028
2014-10-11 5:30,20093
2014-10-12 5:30,20108
2014-10-13 5:30,20117
2014-10-14 5:30,20143
2014-10-15 5:30,20162
2014-10-16 5:30,20228
2014-10-17 5:30,20273
2014-10-18 5:30,20285
2014-10-19 5:30,20309
2014-10-20 5:30,20366
2014-10-21 5:30,20390
2014-10-22 5:30,20416
2014-10-23 5:30,20439
2014-10-24 5:30,20437
2014-10-25 5:30,20454
2014-10-26 5:30,20487
2014-10-27 5:30,20508
2014-10-28 5:30,20531
2014-10-29 5:30,20555
2014-10-30 5:30,20569
2014-10-31 5:30,20582
2014-11-01 5:30,20603
2014-11-02 5:30,20631
2014-11-03 5:30,20658
2014-11-04 5:30,20714
2014-11-05 5:30,20741
2014-11-06 5:30,20762
2014-11-07 5:30,20820
2014-11-08 5:30,20834
2014-11-09 5:30,20848
2014-11-10 5:30,20870
2014-11-11 5:30,20880
2014-11-12 5:30,20894
2014-11-13 5:30,20892
2014-11-14 5:30,20897
2014-11-15 5:30,20927
2014-11-16 5:30,20950
2014-11-17 5:30,20975
2014-11-18 5:30,21000
2014-11-19 5:30,21031
2014-11-20 5:30,21076
2014-11-21 5:30,21105
2014-11-22 5:30,21116
2014-11-23 5:30,21155
2014-11-24 5:30,21179
2014-11-25 5:30,21210
2014-11-26 5:30,21230
2014-11-27 5:30,21247
2014-11-28 5:30,21250
2014-11-29 5:30,21279
2014-11-30 5:30,21300
2014-12-01 5:30,21342
2014-12-02 5:30,21362
2014-12-03 5:30,21378
2014-12-04 5:30,21411
2014-12-05 5:30,21434
2014-12-06 5:30,21445
2014-12-07 5:30,21476
2014-12-08 5:30,21505
2014-12-09 5:30,21596
2014-12-10 5:30,21619
2014-12-11 5:30,21661
2014-12-12 5:30,21681
2014-12-13 5:30,21700
2014-12-14 5:30,21723
2014-12-15 5:30,21743
2014-12-16 5:30,21756
2014-12-17 5:30,21772
2014-12-18 5:30,21791
2014-12-19 5:30,21824
2014-12-20 5:30,21829
2014-12-21 5:30,21866
2014-12-22 5:30,21887
2014-12-23 5:30,21896
2014-12-24 5:30,21913
2014-12-25 5:30,21934
2014-12-26 5:30,21978
2014-12-27 5:30,22015
2014-12-28 5:30,22049
2014-12-29 5:30,22093
2014-12-30 5:30,22561
2014-12-31 5:30,22813
2015-01-01 5:30,22924
2015-01-02 5:30,22959
2015-01-03 5:30,23034
2015-01-04 5:30,23095
2015-01-05 5:30,23144
2015-01-06 5:30,23161
2015-01-07 5:30,23213
2015-01-08 5:30,23243
2015-01-09 5:30,23267
2015-01-10 5:30,23312
2015-01-11 5:30,23344
2015-01-12 5:30,23389
2015-01-13 5:30,23426
2015-01-14 5:30,23449
2015-01-15 5:30,23478
2015-01-16 5:30,23498
2015-01-17 5:30,23520
2015-01-18 5:30,23544
2015-01-19 5:30,23583
2015-01-20 5:30,23612
2015-01-21 5:30,23650
2015-01-22 5:30,23702
2015-01-23 5:30,23715
2015-01-24 5:30,23734
2015-01-25 5:30,23772
2015-01-26 5:30,23823
2015-01-27 5:30,23870
2015-01-28 5:30,23953
2015-01-29 5:30,23988
2015-01-30 5:30,24002
2015-01-31 5:30,24056
2015-02-01 5:30,24104
2015-02-02 5:30,24132
2015-02-03 5:30,24169
2015-02-04 5:30,24202
2015-02-05 5:30,24249
2015-02-06 5:30,24263
2015-02-07 5:30,24288
2015-02-08 5:30,24325
2015-02-09 5:30,24353
2015-02-10 5:30,24371
2015-02-11 5:30,24393
2015-02-12 5:30,24418
2015-02-13 5:30,24428
2015-02-14 5:30,24435
2015-02-15 5:30,24456
2015-02-16 5:30,24489
2015-02-17 5:30,24505
2015-02-18 5:30,24534
2015-02-19 5:30,24563
2015-02-20 5:30,24555
2015-02-21 5:30,24587
2015-02-22 5:30,24606
2015-02-23 5:30,24650
2015-02-24 5:30,24676
2015-02-25 5:30,24705
2015-02-26 5:30,24714
2015-02-27 5:30,24734
2015-02-28 5:30,24753
2015-03-01 5:30,24776
2015-03-02 5:30,24814
2015-03-03 5:30,24837
2015-03-04 5:30,24855
2015-03-05 5:30,24873
2015-03-06 5:30,24897
2015-03-07 5:30,24932
2015-03-08 5:30,24942
2015-03-09 5:30,24952
2015-03-10 5:30,24989
2015-03-11 5:30,25017
2015-03-12 5:30,25046
2015-03-13 5:30,25064
2015-03-14 5:30,25073
2015-03-15 5:30,25105
2015-03-16 5:30,25115
2015-03-17 5:30,25135
2015-03-18 5:30,25172
2015-03-19 5:30,25188
2015-03-20 5:30,25195
2015-03-21 5:30,25206
2015-03-22 5:30,25232
2015-03-23 5:30,25264
2015-03-24 5:30,25296
2015-03-25 5:30,25315
2015-03-26 5:30,25341
2015-03-27 5:30,25367
2015-03-28 5:30,25388
2015-03-29 5:30,25411
2015-03-30 5:30,25438
2015-03-31 5:30,25463
2015-04-01 5:30,25491
2015-04-02 5:30,25496
2015-04-03 5:30,25514
2015-04-04 5:30,25537
2015-04-05 5:30,25565
2015-04-06 5:30,25689
2015-04-07 5:30,25723
2015-04-08 5:30,25736
2015-04-09 5:30,25839
2015-04-10 5:30,25859
2015-04-11 5:30,25901
2015-04-12 5:30,25932
2015-04-13 5:30,25970
2015-04-14 5:30,26017
2015-04-15 5:30,26032
2015-04-16 5:30,26057
2015-04-17 5:30,26070
2015-04-18 5:30,26085
2015-04-19 5:30,26106
2015-04-20 5:30,26130
2015-04-21 5:30,26173
2015-04-22 5:30,26198
2015-04-23 5:30,26214
2015-04-24 5:30,26225
2015-04-25 5:30,26246
2015-04-26 5:30,26280
2015-04-27 5:30,26314
2015-04-28 5:30,26333
2015-04-29 5:30,26363
2015-04-30 5:30,26378
2015-05-01 5:30,26402
2015-05-02 5:30,26399
2015-05-03 5:30,26423
2015-05-04 5:30,26447
2015-05-05 5:30,26481
2015-05-06 5:30,26521
2015-05-07 5:30,26712
2015-05-08 5:30,26728
2015-05-09 5:30,26747
2015-05-10 5:30,26760
2015-05-11 5:30,26779
2015-05-12 5:30,26805
2015-05-13 5:30,26815
2015-05-14 5:30,26836
2015-05-15 5:30,26857
2015-05-16 5:30,26876
2015-05-17 5:30,26900
2015-05-18 5:30,26919
2015-05-19 5:30,26923
2015-05-20 5:30,26966
2015-05-21 5:30,26972
2015-05-22 5:30,26987
2015-05-23 5:30,27007
2015-05-24 5:30,27028
2015-05-25 5:30,27053
2015-05-26 5:30,27074
2015-05-27 5:30,27115
2015-05-28 5:30,27156
2015-05-29 5:30,27187
2015-05-30 5:30,27192
2015-05-31 5:30,27230
2015-06-01 5:30,27245
2015-06-02 5:30,27263
2015-06-03 5:30,27290
2015-06-04 5:30,27313
2015-06-05 5:30,27314
2015-06-06 5:30,27327
2015-06-07 5:30,27379
2015-06-08 5:30,27412
2015-06-09 5:30,27467
2015-06-10 5:30,27488
2015-06-11 5:30,27504
2015-06-12 5:30,27504
2015-06-13 5:30,27527
2015-06-14 5:30,27558
2015-06-15 5:30,27575
2015-06-16 5:30,27592
2015-06-17 5:30,27628
2015-06-18 5:30,27638
2015-06-19 5:30,27658
2015-06-20 5:30,27674
2015-06-21 5:30,27708
2015-06-22 5:30,27742
2015-06-23 5:30,27778
2015-06-24 5:30,27821
2015-06-25 5:30,27846
2015-06-26 5:30,27860
2015-06-27 5:30,27886
2015-06-28 5:30,27908
2015-06-29 5:30,27949
2015-06-30 5:30,27968
2015-07-01 5:30,27975
2015-07-02 5:30,28007
2015-07-03 5:30,28016
2015-07-04 5:30,28039
2015-07-05 5:30,28078
2015-07-06 5:30,28115
2015-07-07 5:30,28124
2015-07-08 5:30,28171
2015-07-09 5:30,28195
2015-07-10 5:30,28286
2015-07-11 5:30,28306
2015-07-12 5:30,28347
2015-07-13 5:30,28380
2015-07-14 5:30,28405
2015-07-15 5:30,28417
2015-07-16 5:30,28434
2015-07-17 5:30,28454
2015-07-18 5:30,28475
2015-07-19 5:30,28501
2015-07-20 5:30,28527
2015-07-21 5:30,28547
2015-07-22 5:30,28567
2015-07-23 5:30,28591
2015-07-24 5:30,28608
2015-07-25 5:30,28627
2015-07-26 5:30,28655
2015-07-27 5:30,28695
2015-07-28 5:30,28726
2015-07-29 5:30,28749
2015-07-30 5:30,28779
2015-07-31 5:30,28810
2015-08-01 5:30,28830
2015-08-02 5:30,28841
2015-08-03 5:30,28867
2015-08-04 5:30,28889
2015-08-05 5:30,28934
2015-08-06 5:30,28944
2015-08-07 5:30,28961
2015-08-08 5:30,28978
2015-08-09 5:30,29023
2015-08-10 5:30,29074
2015-08-11 5:30,29102
2015-08-12 5:30,29136
2015-08-13 5:30,29154
2015-08-14 5:30,29177
2015-08-15 5:30,29203
2015-08-16 5:30,29248
2015-08-17 5:30,29285
2015-08-18 5:30,29312
2015-08-19 5:30,29341
2015-08-20 5:30,29376
2015-08-21 5:30,29392
2015-08-22 5:30,29421
2015-08-23 5:30,29500
2015-08-24 5:30,29565
2015-08-25 5:30,29595
2015-08-26 5:30,29616
2015-08-27 5:30,29628
2015-08-28 5:30,29630
2015-08-29 5:30,29656
2015-08-30 5:30,29704
2015-08-31 5:30,29752
2015-09-01 5:30,29784
2015-09-02 5:30,29806
2015-09-03 5:30,29828
2015-09-04 5:30,29850
2015-09-05 5:30,29868
2015-09-06 5:30,29900
2015-09-07 5:30,29919
2015-09-08 5:30,29986
2015-09-09 5:30,30026
2015-09-10 5:30,30053
2015-09-11 5:30,30123
2015-09-12 5:30,30142
2015-09-13 5:30,30175
2015-09-14 5:30,30214
2015-09-15 5:30,30234
2015-09-16 5:30,30262
2015-09-17 5:30,30276
2015-09-18 5:30,30299
2015-09-19 5:30,30302
2015-09-20 5:30,30332
2015-09-21 5:30,30359
2015-09-22 5:30,30385
2015-09-23 5:30,30393
2015-09-24 5:30,30426
2015-09-25 5:30,30440
2015-09-26 5:30,30452
2015-09-27 5:30,30500
2015-09-28 5:30,30542
2015-09-29 5:30,30638
2015-09-30 5:30,30662
2015-10-01 5:30,30684
2015-10-02 5:30,30715
2015-10-03 5:30,30726
2015-10-04 5:30,30760
2015-10-05 5:30,30793
2015-10-06 5:30,30832
2015-10-07 5:30,30854
2015-10-08 5:30,30871
2015-10-09 5:30,30919
2015-10-10 5:30,30969
2015-10-11 5:30,31009
2015-10-12 5:30,31040
2015-10-13 5:30,31078
2015-10-14 5:30,31115
2015-10-15 5:30,31134
2015-10-16 5:30,31171
2015-10-17 5:30,31189
2015-10-18 5:30,31223
2015-10-19 5:30,31250
2015-10-20 5:30,31280
2015-10-21 5:30,31308
2015-10-22 5:30,31333
2015-10-23 5:30,31339
2015-10-24 5:30,31372
2015-10-25 5:30,31406
2015-10-26 5:30,31441
2015-10-27 5:30,31473
2015-10-28 5:30,31512
2015-10-29 5:30,31529
2015-10-30 5:30,31558
2015-10-31 5:30,31580
2015-11-01 5:30,31621
2015-11-02 5:30,31656
2015-11-03 5:30,31692
2015-11-04 5:30,31704
2015-11-05 5:30,31710
2015-11-06 5:30,31710
2015-11-07 5:30,31717
2015-11-08 5:30,31752
2015-11-09 5:30,31780
2015-11-10 5:30,31811
2015-11-11 5:30,31841
2015-11-12 5:30,31844
2015-11-13 5:30,31858
2015-11-14 5:30,31882
2015-11-15 5:30,31903
2015-11-16 5:30,31922
2015-11-17 5:30,31999
2015-11-18 5:30,32018
2015-11-19 5:30,32053
2015-11-20 5:30,32073
2015-11-21 5:30,32081
2015-11-22 5:30,32104
2015-11-23 5:30,32132
2015-11-24 5:30,32146
2015-11-25 5:30,32156
2015-11-26 5:30,32173
2015-11-27 5:30,32187
2015-11-28 5:30,32207
2015-11-29 5:30,32237
2015-11-30 5:30,32271
2015-12-01 5:30,32303
2015-12-02 5:30,32318
2015-12-03 5:30,32331
2015-12-04 5:30,32352
2015-12-05 5:30,32365
2015-12-06 5:30,32397
2015-12-07 5:30,32418
2015-12-08 5:30,32452
2015-12-09 5:30,32462
2015-12-10 5:30,32490
2015-12-11 5:30,32508
2015-12-12 5:30,32530
2015-12-13 5:30,32564
2015-12-14 5:30,32632
2015-12-15 5:30,32599
2015-12-16 5:30,32541
2015-12-17 5:30,32451
2015-12-18 5:30,32342
2015-12-19 5:30,32236
2015-12-20 5:30,32155
2015-12-21 5:30,32079
2015-12-22 5:30,32017
2015-12-23 5:30,31921
2015-12-24 5:30,31805
2015-12-25 5:30,31715
2015-12-26 5:30,31647
2015-12-27 5:30,31549
2015-12-28 5:30,31483
2015-12-29 5:30,31457
2015-12-30 5:30,31362
2015-12-31 5:30,31313
2016-01-01 5:30,31306
2016-01-02 5:30,31306
2016-01-03 5:30,31311
2016-01-04 5:30,31329
2016-01-05 5:30,31353
2016-01-06 5:30,31710
2016-01-07 5:30,31951
2016-01-08 5:30,32034
2016-01-09 5:30,32129
2016-01-10 5:30,32255
2016-01-11 5:30,32361
2016-01-12 5:30,32432
2016-01-13 5:30,32480
2016-01-14 5:30,32539
2016-01-15 5:30,32626
2016-01-16 5:30,32645
2016-01-17 5:30,32677
2016-01-18 5:30,32733
2016-01-19 5:30,32967
2016-01-20 5:30,33154
2016-01-21 5:30,33226
2016-01-22 5:30,33296
2016-01-23 5:30,33326
2016-01-24 5:30,33368
2016-01-25 5:30,33421
2016-01-26 5:30,33459
2016-01-27 5:30,33492
2016-01-28 5:30,33505
2016-01-29 5:30,33525
2016-01-30 5:30,33543
2016-01-31 5:30,33590
2016-02-01 5:30,33647
2016-02-02 5:30,33677
2016-02-03 5:30,33700
2016-02-04 5:30,33732
2016-02-05 5:30,33761
2016-02-06 5:30,33775
2016-02-07 5:30,33980
2016-02-08 5:30,34048
2016-02-09 5:30,34292
2016-02-10 5:30,34326
2016-02-11 5:30,34355
2016-02-12 5:30,34373
2016-02-13 5:30,34407
2016-02-14 5:30,34472
2016-02-15 5:30,34512
2016-02-16 5:30,34551
2016-02-17 5:30,34569
2016-02-18 5:30,34569
2016-02-19 5:30,34590
2016-02-20 5:30,34623
2016-02-21 5:30,34647
2016-02-22 5:30,34686
2016-02-23 5:30,34721
2016-02-24 5:30,34744
2016-02-25 5:30,34772
2016-02-26 5:30,34835
2016-02-27 5:30,34857
2016-02-28 5:30,34889
2016-02-29 5:30,34918
2016-03-01 5:30,35001
2016-03-02 5:30,35040
2016-03-03 5:30,35076
2016-03-04 5:30,35102
2016-03-05 5:30,35148
2016-03-06 5:30,35180
2016-03-07 5:30,35225
2016-03-08 5:30,35266
2016-03-09 5:30,35303
2016-03-10 5:30,35341
2016-03-11 5:30,35360
2016-03-12 5:30,35411
2016-03-13 5:30,35430
2016-03-14 5:30,35449
2016-03-15 5:30,35479
2016-03-16 5:30,35493
2016-03-17 5:30,35543
2016-03-18 5:30,35552
2016-03-19 5:30,35572
2016-03-20 5:30,35765
2016-03-21 5:30,35847
2016-03-22 5:30,35889
2016-03-23 5:30,35945
2016-03-24 5:30,35967
2016-03-25 5:30,36005
2016-03-26 5:30,36027
2016-03-27 5:30,36058
2016-03-28 5:30,36102
2016-03-29 5:30,36137
2016-03-30 5:30,36180
2016-03-31 5:30,36203
2016-04-01 5:30,36226
2016-04-02 5:30,36261
2016-04-03 5:30,36302
2016-04-04 5:30,36338
2016-04-05 5:30,36391
2016-04-06 5:30,36418
2016-04-07 5:30,36470
2016-04-08 5:30,36484
2016-04-09 5:30,36492
2016-04-10 5:30,36557
2016-04-11 5:30,36623
2016-04-12 5:30,36675
2016-04-13 5:30,36743
2016-04-14 5:30,36762
2016-04-15 5:30,36795
2016-04-16 5:30,36813
2016-04-17 5:30,36862
2016-04-18 5:30,36916
2016-04-19 5:30,36970
2016-04-20 5:30,36997
2016-04-21 5:30,37054
2016-04-22 5:30,37108
2016-04-23 5:30,37145
2016-04-24 5:30,37342
2016-04-25 5:30,37472
2016-04-26 5:30,37519
2016-04-27 5:30,37566
2016-04-28 5:30,37590
2016-04-29 5:30,37623
2016-04-30 5:30,37643
2016-05-01 5:30,37702
2016-05-02 5:30,37744
2016-05-03 5:30,37796
2016-05-04 5:30,37815
2016-05-05 5:30,37858
2016-05-06 5:30,37872
2016-05-07 5:30,37903
2016-05-08 5:30,37933
2016-05-09 5:30,38062
2016-05-10 5:30,38124
2016-05-11 5:30,38182
2016-05-12 5:30,38219
2016-05-13 5:30,38250
2016-05-14 5:30,38294
2016-05-15 5:30,38361
2016-05-16 5:30,38428
2016-05-17 5:30,38470
2016-05-18 5:30,38497
2016-05-19 5:30,38514
2016-05-20 5:30,38541
2016-05-21 5:30,38572
2016-05-22 5:30,38610
2016-05-23 5:30,38677
2016-05-24 5:30,38756
2016-05-25 5:30,38783
2016-05-26 5:30,38815
2016-05-27 5:30,38859
2016-05-28 5:30,38874
2016-05-29 5:30,38936
2016-05-30 5:30,38990
2016-05-31 5:30,39018
2016-06-01 5:30,39075
2016-06-02 5:30,39111
2016-06-03 5:30,39145
2016-06-04 5:30,39188
2016-06-05 5:30,39225
2016-06-06 5:30,39294
2016-06-07 5:30,39328
2016-06-08 5:30,39360
2016-06-09 5:30,39376
2016-06-10 5:30,39396
2016-06-11 5:30,39430
2016-06-12 5:30,39460
2016-06-13 5:30,39493
2016-06-14 5:30,39539
2016-06-15 5:30,39567
2016-06-16 5:30,39595
2016-06-17 5:30,39612
2016-06-18 5:30,39646
2016-06-19 5:30,39681
2016-06-20 5:30,39770
2016-06-21 5:30,39899
2016-06-22 5:30,39959
2016-06-23 5:30,39994
2016-06-24 5:30,40142
2016-06-25 5:30,40173
2016-06-26 5:30,40235
2016-06-27 5:30,40281
2016-06-28 5:30,40304
2016-06-29 5:30,40336
2016-06-30 5:30,40379
2016-07-01 5:30,40422
2016-07-02 5:30,40465
2016-07-03 5:30,40508
2016-07-04 5:30,40551
2016-07-05 5:30,40594
2016-07-06 5:30,40641
2016-07-07 5:30,40651
2016-07-08 5:30,40669
2016-07-09 5:30,40696
2016-07-10 5:30,40742
2016-07-11 5:30,40810
2016-07-12 5:30,40843
2016-07-13 5:30,40883
2016-07-14 5:30,40924
2016-07-15 5:30,40952
2016-07-16 5:30,40994
2016-07-17 5:30,41024
2016-07-18 5:30,41077
2016-07-19 5:30,41142
2016-07-20 5:30,41169
2016-07-21 5:30,41191
2016-07-22 5:30,41236
2016-07-23 5:30,41263
2016-07-24 5:30,41303
2016-07-25 5:30,41415
2016-07-26 5:30,41706
2016-07-27 5:30,41766
2016-07-28 5:30,41767
2016-07-29 5:30,41804
2016-07-30 5:30,41951
2016-07-31 5:30,42003
2016-08-01 5:30,42068
2016-08-02 5:30,42145
2016-08-03 5:30,42213
2016-08-04 5:30,42237
2016-08-05 5:30,42253
2016-08-06 5:30,42282
2016-08-07 5:30,42326
2016-08-08 5:30,42377
2016-08-09 5:30,42449
2016-08-10 5:30,42474
2016-08-11 5:30,42515
2016-08-12 5:30,42555
2016-08-13 5:30,42574
2016-08-14 5:30,42659
2016-08-15 5:30,42713
2016-08-16 5:30,42747
2016-08-17 5:30,42773
2016-08-18 5:30,42808
2016-08-19 5:30,42821
2016-08-20 5:30,42856
2016-08-21 5:30,42929
2016-08-22 5:30,42988
2016-08-23 5:30,43058
2016-08-24 5:30,43098
2016-08-25 5:30,43190
2016-08-26 5:30,43284
2016-08-27 5:30,43324
2016-08-28 5:30,43406
2016-08-29 5:30,43484
2016-08-30 5:30,43575
2016-08-31 5:30,43646
2016-09-01 5:30,43663
2016-09-02 5:30,43677
2016-09-03 5:30,43717
2016-09-04 5:30,43759
2016-09-05 5:30,43841
2016-09-06 5:30,43880
2016-09-07 5:30,43924
2016-09-08 5:30,43994
2016-09-09 5:30,44037
2016-09-10 5:30,44056
2016-09-11 5:30,44085
2016-09-12 5:30,44150
2016-09-13 5:30,44237
2016-09-14 5:30,44674
2016-09-15 5:30,44709
2016-09-16 5:30,44744
2016-09-17 5:30,44870
2016-09-18 5:30,44935
2016-09-19 5:30,45031
2016-09-20 5:30,45289
2016-09-21 5:30,46066
2016-09-22 5:30,47469
2016-09-23 5:30,47497
2016-09-24 5:30,47505
2016-09-25 5:30,47562
2016-09-26 5:30,47608
2016-09-27 5:30,47664
2016-09-28 5:30,47702
2016-09-29 5:30,47703
2016-09-30 5:30,47746
2016-10-01 5:30,47773
2016-10-02 5:30,47812
2016-10-03 5:30,47878
2016-10-04 5:30,47986
2016-10-05 5:30,48036
2016-10-06 5:30,48066
2016-10-07 5:30,48095
2016-10-08 5:30,48125
2016-10-09 5:30,48215
2016-10-10 5:30,48283
2016-10-11 5:30,48332
2016-10-12 5:30,48366
2016-10-13 5:30,48408
2016-10-14 5:30,48434
2016-10-15 5:30,48496
2016-10-16 5:30,48631
2016-10-17 5:30,48695
2016-10-18 5:30,48759
2016-10-19 5:30,48823
2016-10-20 5:30,48887
2016-10-21 5:30,48951
2016-10-22 5:30,49015
2016-10-23 5:30,49079
2016-10-24 5:30,49147
2016-10-25 5:30,49234
2016-10-26 5:30,49321
2016-10-27 5:30,49408
2016-10-28 5:30,49495
2016-10-29 5:30,49582
2016-10-30 5:30,49669
2016-10-31 5:30,49756
2016-11-01 5:30,49843
2016-11-02 5:30,49930
2016-11-03 5:30,50017
2016-11-04 5:30,50104
2016-11-05 5:30,50191
2016-11-06 5:30,50278
2016-11-07 5:30,50370
2016-11-08 5:30,50399
2016-11-09 5:30,50428
2016-11-10 5:30,50458
2016-11-11 5:30,50506
2016-11-12 5:30,50543
2016-11-13 5:30,50606
2016-11-14 5:30,50658
2016-11-15 5:30,50710
2016-11-16 5:30,50745
2016-11-17 5:30,50782
2016-11-18 5:30,50824
2016-11-19 5:30,50854
2016-11-20 5:30,50885
2016-11-21 5:30,50939
2016-11-22 5:30,50993
2016-11-23 5:30,51014
2016-11-24 5:30,51035
2016-11-25 5:30,51089
2016-11-26 5:30,51143
2016-11-27 5:30,51199
2016-11-28 5:30,51258
2016-11-29 5:30,51317
2016-11-30 5:30,51471
2016-12-01 5:30,51811
2016-12-02 5:30,52151
2016-12-03 5:30,52491
2016-12-04 5:30,52832
2016-12-05 5:30,52929
2016-12-06 5:30,53019
2016-12-07 5:30,53109
2016-12-08 5:30,53199
2016-12-09 5:30,53289
2016-12-10 5:30,53379
2016-12-11 5:30,53469
2016-12-12 5:30,53559
2016-12-13 5:30,53649
2016-12-14 5:30,53739
2016-12-15 5:30,53829
2016-12-16 5:30,53919
2016-12-17 5:30,54009
2016-12-18 5:30,54099
2016-12-19 5:30,54189
2016-12-20 5:30,54279
2016-12-21 5:30,54369
2016-12-22 5:30,54459
2016-12-23 5:30,54549
2016-12-24 5:30,54639
2016-12-25 5:30,54729
2016-12-26 5:30,54819
2016-12-27 5:30,54909
2016-12-28 5:30,54999
2016-12-29 5:30,55089
2016-12-30 5:30,55188
2016-12-31 5:30,55285
2017-01-01 5:30,55443
2017-01-02 5:30,55601
2017-01-03 5:30,55698
2017-01-04 5:30,55801
2017-01-05 5:30,55930
2017-01-06 5:30,56129
2017-01-07 5:30,56330
2017-01-08 5:30,56426
2017-01-09 5:30,56682
2017-01-10 5:30,56902
2017-01-11 5:30,56995
2017-01-12 5:30,57068
2017-01-13 5:30,57122
2017-01-14 5:30,57154
2017-01-15 5:30,57231
2017-01-16 5:30,57340
2017-01-17 5:30,57501
2017-01-18 5:30,57716
2017-01-19 5:30,57757
2017-01-20 5:30,57781
2017-01-21 5:30,57919
2017-01-22 5:30,58034
2017-01-23 5:30,58084
2017-01-24 5:30,58122
2017-01-25 5:30,58200
2017-01-26 5:30,58248
2017-01-27 5:30,58279
2017-01-28 5:30,58318
2017-01-29 5:30,58373
2017-01-30 5:30,58420
2017-01-31 5:30,58519
2017-02-01 5:30,58576
2017-02-02 5:30,58611
2017-02-03 5:30,58633
2017-02-04 5:30,58709
2017-02-05 5:30,58782
2017-02-06 5:30,58842
2017-02-07 5:30,58846
2017-02-08 5:30,58961
2017-02-09 5:30,58993
2017-02-10 5:30,59030
2017-02-11 5:30,59064
2017-02-12 5:30,59116
2017-02-13 5:30,59193
2017-02-14 5:30,59243
2017-02-15 5:30,59272
2017-02-16 5:30,59335
2017-02-17 5:30,59379
2017-02-18 5:30,59389
2017-02-19 5:30,59428
2017-02-20 5:30,59539
2017-02-21 5:30,59581
2017-02-22 5:30,59618
2017-02-23 5:30,59652
2017-02-24 5:30,59699
2017-02-25 5:30,59736
2017-02-26 5:30,59778
2017-02-27 5:30,59848
2017-02-28 5:30,59899
2017-03-01 5:30,59927
2017-03-02 5:30,59944
2017-03-03 5:30,59963
2017-03-04 5:30,59994
2017-03-05 5:30,60059
2017-03-06 5:30,60129
2017-03-07 5:30,60191
2017-03-08 5:30,60250
2017-03-09 5:30,60296
2017-03-10 5:30,60331
2017-03-11 5:30,60457
2017-03-12 5:30,60500
2017-03-13 5:30,60543
2017-03-14 5:30,60594
2017-03-15 5:30,60642
2017-03-16 5:30,60676
2017-03-17 5:30,60768
2017-03-18 5:30,60917
2017-03-19 5:30,60991
2017-03-20 5:30,61079
2017-03-21 5:30,61168
2017-03-22 5:30,62200
2017-03-23 5:30,62385
2017-03-24 5:30,62428
2017-03-25 5:30,62481
2017-03-26 5:30,62735
2017-03-27 5:30,62857
2017-03-28 5:30,62932
2017-03-29 5:30,62983
2017-03-30 5:30,63035
2017-03-31 5:30,63056
2017-04-01 5:30,63117
2017-04-02 5:30,63179
2017-04-03 5:30,63240
2017-04-04 5:30,63304
2017-04-05 5:30,63370
2017-04-06 5:30,63409
2017-04-07 5:30,63450
2017-04-08 5:30,63472
2017-04-09 5:30,63559
2017-04-10 5:30,63624
2017-04-11 5:30,63638
2017-04-12 5:30,63669
2017-04-13 5:30,63700
2017-04-14 5:30,63755
2017-04-15 5:30,63782
2017-04-16 5:30,63826
2017-04-17 5:30,63879
2017-04-18 5:30,63931
2017-04-19 5:30,63982
2017-04-20 5:30,64025
2017-04-21 5:30,64067
2017-04-22 5:30,64109
2017-04-23 5:30,64148
2017-04-24 5:30,64234
2017-04-25 5:30,64292
2017-04-26 5:30,64368
2017-04-27 5:30,64422
2017-04-28 5:30,64456
2017-04-29 5:30,64506
2017-04-30 5:30,64583
2017-05-01 5:30,64717
2017-05-02 5:30,64817
2017-05-03 5:30,64887
2017-05-04 5:30,64956
2017-05-05 5:30,65021
2017-05-06 5:30,65081
2017-05-07 5:30,65137
2017-05-08 5:30,65210
2017-05-09 5:30,65286
2017-05-10 5:30,65364
2017-05-11 5:30,66166
2017-05-12 5:30,66230
2017-05-13 5:30,66302
2017-05-14 5:30,66363
2017-05-15 5:30,66425
2017-05-16 5:30,66472
2017-05-17 5:30,67000
2017-05-18 5:30,67299
2017-05-19 5:30,67347
2017-05-20 5:30,67396
2017-05-21 5:30,67479
2017-05-22 5:30,67526
2017-05-23 5:30,67585
2017-05-24 5:30,67644
2017-05-25 5:30,67704
2017-05-26 5:30,67764
2017-05-27 5:30,67821
2017-05-28 5:30,67962
2017-05-29 5:30,68065
2017-05-30 5:30,68158
2017-05-31 5:30,68229
2017-06-01 5:30,68297
2017-06-02 5:30,68324
2017-06-03 5:30,68406
2017-06-04 5:30,68478
2017-06-05 5:30,68560
2017-06-06 5:30,68610
2017-06-07 5:30,68650
2017-06-08 5:30,68711
2017-06-09 5:30,68790
2017-06-10 5:30,68862
2017-06-11 5:30,68934
2017-06-12 5:30,69054
2017-06-13 5:30,69126
2017-06-14 5:30,69171
2017-06-15 5:30,69251
2017-06-16 5:30,69292
2017-06-17 5:30,69340
2017-06-18 5:30,69394
2017-06-19 5:30,69474
2017-06-20 5:30,69534
2017-06-21 5:30,69589
2017-06-22 5:30,69629
2017-06-23 5:30,69691
2017-06-24 5:30,69756
2017-06-25 5:30,69900
2017-06-26 5:30,70038
2017-06-27 5:30,70159
2017-06-28 5:30,70275
2017-06-29 5:30,70308
2017-06-30 5:30,70417
2017-07-01 5:30,70771
2017-07-02 5:30,70955
2017-07-03 5:30,71006
2017-07-04 5:30,71078
2017-07-05 5:30,71259
2017-07-06 5:30,71373
2017-07-07 5:30,71445
2017-07-08 5:30,71504
2017-07-09 5:30,71613
2017-07-10 5:30,71711
2017-07-11 5:30,71818
2017-07-12 5:30,71881
2017-07-13 5:30,71970
2017-07-14 5:30,72059
2017-07-15 5:30,72148
2017-07-16 5:30,72237
2017-07-17 5:30,72326
2017-07-18 5:30,72415
2017-07-19 5:30,72470
2017-07-20 5:30,72585
2017-07-21 5:30,72611
2017-07-22 5:30,72674
2017-07-23 5:30,72840
2017-07-24 5:30,72939
2017-07-25 5:30,73026
2017-07-26 5:30,73228
2017-07-27 5:30,73308
2017-07-28 5:30,73360
2017-07-29 5:30,73426
2017-07-30 5:30,73524
2017-07-31 5:30,73591
2017-08-01 5:30,73728
2017-08-02 5:30,73796
2017-08-03 5:30,73874
2017-08-04 5:30,74042
2017-08-05 5:30,74138
2017-08-06 5:30,74216
2017-08-07 5:30,74353
2017-08-08 5:30,74431
2017-08-09 5:30,74570
2017-08-10 5:30,74982
2017-08-11 5:30,75065
2017-08-12 5:30,75121
2017-08-13 5:30,75492
2017-08-14 5:30,75606
2017-08-15 5:30,75712
2017-08-16 5:30,75875
2017-08-17 5:30,76124
2017-08-18 5:30,76174
2017-08-19 5:30,76231
2017-08-20 5:30,76296
2017-08-21 5:30,76425
2017-08-22 5:30,76505
2017-08-23 5:30,76610
2017-08-24 5:30,76693
2017-08-25 5:30,76782
2017-08-26 5:30,76914
2017-08-27 5:30,76975
2017-08-28 5:30,77058
2017-08-29 5:30,77149
2017-08-30 5:30,77303
2017-08-31 5:30,77397
2017-09-01 5:30,77453
2017-09-02 5:30,77559
2017-09-03 5:30,77735
2017-09-04 5:30,77862
2017-09-05 5:30,78214
2017-09-06 5:30,78323
2017-09-07 5:30,78377
2017-09-08 5:30,78457
2017-09-09 5:30,78674
2017-09-10 5:30,78771
2017-09-11 5:30,78839
2017-09-12 5:30,78908
2017-09-13 5:30,79027
2017-09-14 5:30,79092
2017-09-15 5:30,79241
2017-09-16 5:30,79287
2017-09-17 5:30,79369
2017-09-18 5:30,79484
2017-09-19 5:30,79584
2017-09-20 5:30,79689
2017-09-21 5:30,79755
2017-09-22 5:30,79949
2017-09-23 5:30,80053
2017-09-24 5:30,80157
2017-09-25 5:30,80265
2017-09-26 5:30,80348
2017-09-27 5:30,80474
2017-09-28 5:30,80574
2017-09-29 5:30,80598
2017-09-30 5:30,80678
2017-10-01 5:30,80827
2017-10-02 5:30,80947
2017-10-03 5:30,81013
2017-10-04 5:30,81091
2017-10-05 5:30,81154
2017-10-06 5:30,81244
2017-10-07 5:30,81334
2017-10-08 5:30,81520
2017-10-09 5:30,81706
2017-10-10 5:30,81780
2017-10-11 5:30,81855
2017-10-12 5:30,81911
2017-10-13 5:30,81968
2017-10-14 5:30,82017
2017-10-15 5:30,82112
2017-10-16 5:30,82368
2017-10-17 5:30,82532
2017-10-18 5:30,82697
2017-10-19 5:30,82754
2017-10-20 5:30,82827
2017-10-21 5:30,82900
2017-10-22 5:30,82974
2017-10-23 5:30,83133
2017-10-24 5:30,83226
2017-10-25 5:30,83314
2017-10-26 5:30,83393
2017-10-27 5:30,83446
2017-10-28 5:30,83479
2017-10-29 5:30,83626
2017-10-30 5:30,83707
2017-10-31 5:30,83806
2017-11-01 5:30,83872
2017-11-02 5:30,83919
2017-11-03 5:30,83976
2017-11-04 5:30,84179
2017-11-05 5:30,84382
2017-11-06 5:30,84586
2017-11-07 5:30,84680
2017-11-08 5:30,84774
2017-11-09 5:30,84868
2017-11-10 5:30,84962
2017-11-11 5:30,85056
2017-11-12 5:30,85154
2017-11-13 5:30,85286
2017-11-14 5:30,85375
2017-11-15 5:30,85432
2017-11-16 5:30,85473
2017-11-17 5:30,85535
2017-11-18 5:30,85615
2017-11-19 5:30,85744
2017-11-20 5:30,85870
2017-11-21 5:30,86040
2017-11-22 5:30,86200
2017-11-23 5:30,86215
2017-11-24 5:30,86526
2017-11-25 5:30,86609
2017-11-26 5:30,86720
2017-11-27 5:30,86841
2017-11-28 5:30,86934
2017-11-29 5:30,87006
2017-11-30 5:30,87128
2017-12-01 5:30,87184
2017-12-02 5:30,87238
2017-12-03 5:30,87566
2017-12-04 5:30,87691
2017-12-05 5:30,87784
2017-12-06 5:30,87873
2017-12-07 5:30,87963
2017-12-08 5:30,88023
2017-12-09 5:30,88091
2017-12-10 5:30,88181
2017-12-11 5:30,88295
2017-12-12 5:30,88411
2017-12-13 5:30,88480
2017-12-14 5:30,88536
2017-12-15 5:30,88603
2017-12-16 5:30,88702
2017-12-17 5:30,88815
2017-12-18 5:30,88927
2017-12-19 5:30,89007
2017-12-20 5:30,89068
2017-12-21 5:30,89154
2017-12-22 5:30,89219
2017-12-23 5:30,89308
2017-12-24 5:30,89438
2017-12-25 5:30,89484
2017-12-26 5:30,89623
2017-12-27 5:30,89817
2017-12-28 5:30,89958
2017-12-29 5:30,90061
2017-12-30 5:30,90160
2017-12-31 5:30,90273
2018-01-01 5:30,91284
2018-01-02 5:30,91715
2018-01-03 5:30,91915
2018-01-04 5:30,92094
2018-01-05 5:30,92234
2018-01-06 5:30,92657
2018-01-07 5:30,92980
2018-01-08 5:30,93221
2018-01-09 5:30,93343
2018-01-10 5:30,93423
2018-01-11 5:30,93501
2018-01-12 5:30,93572
2018-01-13 5:30,93616
2018-01-14 5:30,93745
2018-01-15 5:30,93859
2018-01-16 5:30,93949
2018-01-17 5:30,94048
2018-01-18 5:30,94116
2018-01-19 5:30,94202
2018-01-20 5:30,94319
2018-01-21 5:30,94424
2018-01-22 5:30,94677
2018-01-23 5:30,94797
2018-01-24 5:30,94917
2018-01-25 5:30,95012
2018-01-26 5:30,97204
2018-01-27 5:30,97843
2018-01-28 5:30,97995
2018-01-29 5:30,98143
2018-01-30 5:30,98240
2018-01-31 5:30,98385
2018-02-01 5:30,98508
2018-02-02 5:30,98723
2018-02-03 5:30,98923
2018-02-04 5:30,99017
2018-02-05 5:30,99120
2018-02-06 5:30,99229
2018-02-07 5:30,99340
2018-02-08 5:30,99456
2018-02-09 5:30,99529
2018-02-10 5:30,99613
2018-02-11 5:30,99758
2018-02-12 5:30,100053
2018-02-13 5:30,100241
2018-02-14 5:30,100519
2018-02-15 5:30,100670
2018-02-16 5:30,100736
2018-02-17 5:30,100839
2018-02-18 5:30,101008
2018-02-19 5:30,101136
2018-02-20 5:30,101341
2018-02-21 5:30,101579
2018-02-22 5:30,101675
2018-02-23 5:30,101835
2018-02-24 5:30,101995
2018-02-25 5:30,102155
2018-02-26 5:30,102315
2018-02-27 5:30,102475
2018-02-28 5:30,
2018-03-01 5:30,
2018-03-02 5:30,
2018-03-03 5:30,
2018-03-04 5:30,
2018-03-05 5:30,
2018-03-06 5:30,
2018-03-07 5:30,
2018-03-08 5:30,
2018-03-09 5:30,
2018-03-10 5:30,
2018-03-11 5:30,
2018-03-12 5:30,
2018-03-13 5:30,
2018-03-14 5:30,104360
2018-03-15 5:30,104459
2018-03-16 5:30,104525
2018-03-17 5:30,104614
2018-03-18 5:30,104897
2018-03-19 5:30,105020
2018-03-20 5:30,105084
2018-03-21 5:30,105204
2018-03-22 5:30,105283
2018-03-23 5:30,105405
2018-03-24 5:30,105508
2018-03-25 5:30,105523
2018-03-26 5:30,105737
2018-03-27 5:30,105788
2018-03-28 5:30,105861
2018-03-29 5:30,105942
2018-03-30 5:30,106026
2018-03-31 5:30,106102
2018-04-01 5:30,106255
2018-04-02 5:30,106405
2018-04-03 5:30,106481
2018-04-04 5:30,106564
2018-04-05 5:30,106632
2018-04-06 5:30,106698
2018-04-07 5:30,106768
2018-04-08 5:30,106868
2018-04-09 5:30,106982
2018-04-10 5:30,107066
2018-04-11 5:30,107488
2018-04-12 5:30,107665
2018-04-13 5:30,107778
2018-04-14 5:30,107856
2018-04-15 5:30,108000
2018-04-16 5:30,108276
2018-04-17 5:30,108429
2018-04-18 5:30,108510
2018-04-19 5:30,108599
2018-04-20 5:30,109066
2018-04-21 5:30,109494
2018-04-22 5:30,110023
2018-04-23 5:30,110666
2018-04-24 5:30,110792
2018-04-25 5:30,110964
2018-04-26 5:30,111125
2018-04-27 5:30,111216
2018-04-28 5:30,111297
2018-04-29 5:30,111389
2018-04-30 5:30,111539
2018-05-01 5:30,111640
2018-05-02 5:30,111832
2018-05-03 5:30,112016
2018-05-04 5:30,112082
2018-05-05 5:30,112121
2018-05-06 5:30,112235
2018-05-07 5:30,112344
2018-05-08 5:30,112583
2018-05-09 5:30,112664
2018-05-10 5:30,113066
2018-05-11 5:30,113125
2018-05-12 5:30,113176
2018-05-13 5:30,113255
2018-05-14 5:30,113358
2018-05-15 5:30,113471
2018-05-16 5:30,113553
2018-05-17 5:30,113617
2018-05-18 5:30,113685
2018-05-19 5:30,113741
2018-05-20 5:30,114017
2018-05-21 5:30,114156
2018-05-22 5:30,114390
2018-05-23 5:30,114534
2018-05-24 5:30,114725
2018-05-25 5:30,114797
2018-05-26 5:30,114883
2018-05-27 5:30,114968
2018-05-28 5:30,115184
2018-05-29 5:30,115292
2018-05-30 5:30,115393
2018-05-31 5:30,115502
2018-06-01 5:30,115580
2018-06-02 5:30,115654
2018-06-03 5:30,115785
2018-06-04 5:30,115838
2018-06-05 5:30,116535
2018-06-06 5:30,116641
2018-06-07 5:30,116791
2018-06-08 5:30,116880
2018-06-09 5:30,116949
2018-06-10 5:30,117076
2018-06-11 5:30,117176
2018-06-12 5:30,117281
2018-06-13 5:30,117363
2018-06-14 5:30,117449
2018-06-15 5:30,117525
2018-06-16 5:30,117554
2018-06-17 5:30,117720
2018-06-18 5:30,117984
2018-06-19 5:30,118081
2018-06-20 5:30,118182
2018-06-21 5:30,118275
2018-06-22 5:30,118331
2018-06-23 5:30,118390
2018-06-24 5:30,118510
2018-06-25 5:30,118630
2018-06-26 5:30,118720
2018-06-27 5:30,118871
2018-06-28 5:30,119014
2018-06-29 5:30,119085
2018-06-30 5:30,119192
2018-07-01 5:30,119360
2018-07-02 5:30,119490
2018-07-03 5:30,120041
2018-07-04 5:30,120131
2018-07-05 5:30,120256
2018-07-06 5:30,120336
2018-07-07 5:30,120420
2018-07-08 5:30,120530
2018-07-09 5:30,120739
2018-07-10 5:30,120894
2018-07-11 5:30,121003
2018-07-12 5:30,121088
2018-07-13 5:30,121129
2018-07-14 5:30,121257
2018-07-15 5:30,121348
2018-07-16 5:30,121479
2018-07-17 5:30,121619
2018-07-18 5:30,121703
2018-07-19 5:30,121812
2018-07-20 5:30,121965
2018-07-21 5:30,122046
2018-07-22 5:30,122272
2018-07-23 5:30,122385
2018-07-24 5:30,122487
2018-07-25 5:30,122617
2018-07-26 5:30,122748
2018-07-27 5:30,122833
2018-07-28 5:30,122898
2018-07-29 5:30,122996
2018-07-30 5:30,123619
2018-07-31 5:30,123748
2018-08-01 5:30,123862
2018-08-02 5:30,123926
2018-08-03 5:30,124016
2018-08-04 5:30,124073
2018-08-05 5:30,124168
2018-08-06 5:30,124269
2018-08-07 5:30,124423
2018-08-08 5:30,124521
2018-08-09 5:30,124598
2018-08-10 5:30,124970
2018-08-11 5:30,125061
2018-08-12 5:30,125206
2018-08-13 5:30,125327
2018-08-14 5:30,125475
2018-08-15 5:30,125562
2018-08-16 5:30,125628
2018-08-17 5:30,125708
2018-08-18 5:30,125809
2018-08-19 5:30,125914
2018-08-20 5:30,126036
2018-08-21 5:30,126167
2018-08-22 5:30,126282
2018-08-23 5:30,126375
2018-08-24 5:30,126560
2018-08-25 5:30,126676
2018-08-26 5:30,126804
2018-08-27 5:30,126980
2018-08-28 5:30,127135
2018-08-29 5:30,127231
2018-08-30 5:30,127554
2018-08-31 5:30,127730
2018-09-01 5:30,127779
2018-09-02 5:30,127839
2018-09-03 5:30,127925
2018-09-04 5:30,128042
2018-09-05 5:30,
2018-09-06 5:30,128235
2018-09-07 5:30,128324
2018-09-08 5:30,128452
2018-09-09 5:30,128557
2018-09-10 5:30,128626
2018-09-11 5:30,
2018-09-12 5:30,
2018-09-13 5:30,
2018-09-14 5:30,
2018-09-15 5:30,
2018-09-16 5:30,
2018-09-17 5:30,
2018-09-18 5:30,
2018-09-19 5:30,
2018-09-20 5:30,
2018-09-21 5:30,
2018-09-22 5:30,
2018-09-23 5:30,
2018-09-24 5:30,131030
2018-09-25 5:30,131366
2018-09-26 5:30,131490
2018-09-27 5:30,131624
2018-09-28 5:30,131737
2018-09-29 5:30,131791
2018-09-30 5:30,132487
2018-10-01 5:30,132827
2018-10-02 5:30,133191
2018-10-03 5:30,133626
2018-10-04 5:30,133735
2018-10-05 5:30,133889
2018-10-06 5:30,133953
2018-10-07 5:30,134047
2018-10-08 5:30,134222
2018-10-09 5:30,134421
2018-10-10 5:30,134616
2018-10-11 5:30,134781
2018-10-12 5:30,134941
2018-10-13 5:30,135026
2018-10-14 5:30,135212
2018-10-15 5:30,135386
2018-10-16 5:30,135915
2018-10-17 5:30,136037
2018-10-18 5:30,136208
2018-10-19 5:30,136274
2018-10-20 5:30,136320
2018-10-21 5:30,136622
2018-10-22 5:30,136746
2018-10-23 5:30,137036
2018-10-24 5:30,137169
2018-10-25 5:30,137258
2018-10-26 5:30,137353
2018-10-27 5:30,137480
2018-10-28 5:30,137640
2018-10-29 5:30,137784
2018-10-30 5:30,138146
2018-10-31 5:30,138235
2018-11-01 5:30,138343
2018-11-02 5:30,138426
2018-11-03 5:30,138904
2018-11-04 5:30,139024
2018-11-05 5:30,139193
2018-11-06 5:30,139298
2018-11-07 5:30,139383
2018-11-08 5:30,139436
2018-11-09 5:30,139478
2018-11-10 5:30,139574
2018-11-11 5:30,140012
2018-11-12 5:30,140170
2018-11-13 5:30,140269
2018-11-14 5:30,140377
2018-11-15 5:30,140467
2018-11-16 5:30,140566
2018-11-17 5:30,140648
2018-11-18 5:30,140695
2018-11-19 5:30,140809
2018-11-20 5:30,141076
2018-11-21 5:30,141176
2018-11-22 5:30,141223
2018-11-23 5:30,141296
2018-11-24 5:30,141391
2018-11-25 5:30,141535
2018-11-26 5:30,141719
2018-11-27 5:30,141830
2018-11-28 5:30,141963
2018-11-29 5:30,142117
2018-11-30 5:30,142203
2018-12-01 5:30,142324
2018-12-02 5:30,142541
2018-12-03 5:30,142685
2018-12-04 5:30,142792
2018-12-05 5:30,142901
2018-12-06 5:30,142982
2018-12-07 5:30,143041
2018-12-08 5:30,143063
2018-12-09 5:30,143220
2018-12-10 5:30,143377
2018-12-11 5:30,143494
2018-12-12 5:30,143657
2018-12-13 5:30,143850
2018-12-14 5:30,143943
2018-12-15 5:30,144031
2018-12-16 5:30,144132
2018-12-17 5:30,144242
2018-12-18 5:30,144341
2018-12-19 5:30,144426
2018-12-20 5:30,144496
2018-12-21 5:30,144545
2018-12-22 5:30,144646
2018-12-23 5:30,144792
2018-12-24 5:30,144927
2018-12-25 5:30,145017
2018-12-26 5:30,145241
2018-12-27 5:30,145523
2018-12-28 5:30,145622
2018-12-29 5:30,145755
2018-12-30 5:30,145910
2018-12-31 5:30,146080
2019-01-01 5:30,146431
2019-01-02 5:30,146871
2019-01-03 5:30,147214
2019-01-04 5:30,147387
2019-01-05 5:30,147517
2019-01-06 5:30,147701
2019-01-07 5:30,148201
2019-01-08 5:30,148349
2019-01-09 5:30,148552
2019-01-10 5:30,148895
2019-01-11 5:30,149045
2019-01-12 5:30,149246
2019-01-13 5:30,149339
2019-01-14 5:30,149501
2019-01-15 5:30,149614
2019-01-16 5:30,149727
2019-01-17 5:30,149874
2019-01-18 5:30,150031
2019-01-19 5:30,150238
2019-01-20 5:30,150408
2019-01-21 5:30,150542
2019-01-22 5:30,150880
2019-01-23 5:30,151125
2019-01-24 5:30,151400
2019-01-25 5:30,151466
2019-01-26 5:30,151569
2019-01-27 5:30,151751
2019-01-28 5:30,152046
2019-01-29 5:30,152387
2019-01-30 5:30,152538
2019-01-31 5:30,152674
2019-02-01 5:30,152758
2019-02-02 5:30,152847
2019-02-03 5:30,152951
2019-02-04 5:30,153057
2019-02-05 5:30,153186
2019-02-06 5:30,153299
2019-02-07 5:30,153425
2019-02-08 5:30,153542
2019-02-09 5:30,153643
2019-02-10 5:30,153792
2019-02-11 5:30,153914
2019-02-12 5:30,154031
2019-02-13 5:30,154113
2019-02-14 5:30,154235
2019-02-15 5:30,154414
2019-02-16 5:30,154474
2019-02-17 5:30,154569
2019-02-18 5:30,154742
2019-02-19 5:30,154913
2019-02-20 5:30,155005
2019-02-21 5:30,155186
2019-02-22 5:30,155304
2019-02-23 5:30,155386
2019-02-24 5:30,155501
2019-02-25 5:30,155804
2019-02-26 5:30,156050
2019-02-27 5:30,156180
2019-02-28 5:30,156277
2019-03-01 5:30,156352
2019-03-02 5:30,156501
2019-03-03 5:30,156637
2019-03-04 5:30,157915
2019-03-05 5:30,158298
2019-03-06 5:30,158492
2019-03-07 5:30,158593
2019-03-08 5:30,158695
2019-03-09 5:30,159104
2019-03-10 5:30,159355
2019-03-11 5:30,159596
2019-03-12 5:30,159866
2019-03-13 5:30,159975
2019-03-14 5:30,160257
2019-03-15 5:30,160544
2019-03-16 5:30,160662
2019-03-17 5:30,160797
2019-03-18 5:30,160945
2019-03-19 5:30,161192
2019-03-20 5:30,161340
2019-03-21 5:30,161454
2019-03-22 5:30,161669
2019-03-23 5:30,161752
2019-03-24 5:30,161910
2019-03-25 5:30,162176
2019-03-26 5:30,162328
2019-03-27 5:30,162903
2019-03-28 5:30,163100
2019-03-29 5:30,163432
2019-03-30 5:30,163562
2019-03-31 5:30,163635
2019-04-01 5:30,163762
2019-04-02 5:30,163891
2019-04-03 5:30,164053
2019-04-04 5:30,164191
2019-04-05 5:30,164270
2019-04-06 5:30,164346
2019-04-07 5:30,164418
2019-04-08 5:30,164570
2019-04-09 5:30,164726
2019-04-10 5:30,164834
2019-04-11 5:30,164914
2019-04-12 5:30,164975
2019-04-13 5:30,165065
2019-04-14 5:30,165171
2019-04-15 5:30,165298
2019-04-16 5:30,165410
2019-04-17 5:30,165610
2019-04-18 5:30,165878
2019-04-19 5:30,165944
2019-04-20 5:30,166022
2019-04-21 5:30,166163
2019-04-22 5:30,166368
2019-04-23 5:30,166570
2019-04-24 5:30,166887
2019-04-25 5:30,167115
2019-04-26 5:30,167232
2019-04-27 5:30,167322
2019-04-28 5:30,167432
2019-04-29 5:30,167569
2019-04-30 5:30,167829
2019-05-01 5:30,167903
2019-05-02 5:30,167998
2019-05-03 5:30,168149
2019-05-04 5:30,168258
2019-05-05 5:30,168434
2019-05-06 5:30,168679
2019-05-07 5:30,168847
2019-05-08 5:30,168979
2019-05-09 5:30,169251
2019-05-10 5:30,169419
2019-05-11 5:30,169499
2019-05-12 5:30,169648
2019-05-13 5:30,169794
2019-05-14 5:30,169918
2019-05-15 5:30,170049
2019-05-16 5:30,170170
2019-05-17 5:30,170254
2019-05-18 5:30,170348
2019-05-19 5:30,170435
2019-05-20 5:30,170545
2019-05-21 5:30,170777
2019-05-22 5:30,170927
2019-05-23 5:30,171159
2019-05-24 5:30,171239
2019-05-25 5:30,171307
2019-05-26 5:30,171439
2019-05-27 5:30,171563
2019-05-28 5:30,171732
2019-05-29 5:30,171907
2019-05-30 5:30,171989
2019-05-31 5:30,172089
2019-06-01 5:30,172185
2019-06-02 5:30,172373
2019-06-03 5:30,172507
2019-06-04 5:30,172678
2019-06-05 5:30,172797
2019-06-06 5:30,172919
2019-06-07 5:30,173035
2019-06-08 5:30,173128
2019-06-09 5:30,173291
2019-06-10 5:30,173461
2019-06-11 5:30,173653
2019-06-12 5:30,173828
2019-06-13 5:30,173961
2019-06-14 5:30,174076
2019-06-15 5:30,174186
2019-06-16 5:30,174272
2019-06-17 5:30,174450
2019-06-18 5:30,174616
2019-06-19 5:30,174740
2019-06-20 5:30,174861
2019-06-21 5:30,174947
2019-06-22 5:30,175055
2019-06-23 5:30,175596
2019-06-24 5:30,175869
2019-06-25 5:30,176112
2019-06-26 5:30,177024
2019-06-27 5:30,177506
2019-06-28 5:30,177630
2019-06-29 5:30,178136
2019-06-30 5:30,178494
2019-07-01 5:30,178651
2019-07-02 5:30,178819
2019-07-03 5:30,178957
2019-07-04 5:30,179039
2019-07-05 5:30,179116
2019-07-06 5:30,179198
2019-07-07 5:30,179643
2019-07-08 5:30,180354
2019-07-09 5:30,180567
2019-07-10 5:30,180714
2019-07-11 5:30,180796
2019-07-12 5:30,180885
2019-07-13 5:30,180997
2019-07-14 5:30,181167
2019-07-15 5:30,181385
2019-07-16 5:30,181524
2019-07-17 5:30,181641
2019-07-18 5:30,181788
2019-07-19 5:30,181891
2019-07-20 5:30,181966
2019-07-21 5:30,182097
2019-07-22 5:30,182637
2019-07-23 5:30,182756
2019-07-24 5:30,182970
2019-07-25 5:30,183094
2019-07-26 5:30,183176
2019-07-27 5:30,183330
2019-07-28 5:30,183483
2019-07-29 5:30,183616
2019-07-30 5:30,183732
2019-07-31 5:30,183943
2019-08-01 5:30,184278
2019-08-02 5:30,184361
2019-08-03 5:30,184502
2019-08-04 5:30,184622
2019-08-05 5:30,184842
2019-08-06 5:30,185219
2019-08-07 5:30,185313
2019-08-08 5:30,185418
2019-08-09 5:30,186254
2019-08-10 5:30,186455
2019-08-11 5:30,186577
2019-08-12 5:30,186741
2019-08-13 5:30,187153
2019-08-14 5:30,187317
2019-08-15 5:30,187409
2019-08-16 5:30,187670
2019-08-17 5:30,187776
2019-08-18 5:30,187893
2019-08-19 5:30,188124
2019-08-20 5:30,188245
2019-08-21 5:30,188381
2019-08-22 5:30,188544
2019-08-23 5:30,188630
2019-08-24 5:30,188680
2019-08-25 5:30,188826
2019-08-26 5:30,189007
2019-08-27 5:30,189130
2019-08-28 5:30,189248
2019-08-29 5:30,189328
2019-08-30 5:30,189419
2019-08-31 5:30,189563
2019-09-01 5:30,189701
2019-09-02 5:30,189829
2019-09-03 5:30,190083
2019-09-04 5:30,190168
2019-09-05 5:30,190302
2019-09-06 5:30,190444
2019-09-07 5:30,190546
2019-09-08 5:30,190740
2019-09-09 5:30,190912
2019-09-10 5:30,191071
2019-09-11 5:30,191193
2019-09-12 5:30,191352
2019-09-13 5:30,191446
2019-09-14 5:30,191515
2019-09-15 5:30,191714
2019-09-16 5:30,191913
2019-09-17 5:30,192168
2019-09-18 5:30,192319
2019-09-19 5:30,192421
2019-09-20 5:30,192482
2019-09-21 5:30,192563
2019-09-22 5:30,192690
2019-09-23 5:30,192836
2019-09-24 5:30,192959
2019-09-25 5:30,193081
2019-09-26 5:30,193193
2019-09-27 5:30,193328
2019-09-28 5:30,193405
2019-09-29 5:30,193590
2019-09-30 5:30,193761
2019-10-01 5:30,193985
2019-10-02 5:30,194128
2019-10-03 5:30,194234
2019-10-04 5:30,194580
2019-10-05 5:30,194610
2019-10-06 5:30,194820
2019-10-07 5:30,194979
2019-10-08 5:30,195152
2019-10-09 5:30,195302
2019-10-10 5:30,195402
2019-10-11 5:30,195541
2019-10-12 5:30,195622
2019-10-13 5:30,195737
2019-10-14 5:30,195885
2019-10-15 5:30,196132
2019-10-16 5:30,196248
2019-10-17 5:30,196443
2019-10-18 5:30,197318
2019-10-19 5:30,197381
2019-10-20 5:30,197495
2019-10-21 5:30,197696
2019-10-22 5:30,197815
2019-10-23 5:30,197935
2019-10-24 5:30,198095
2019-10-25 5:30,198166
2019-10-26 5:30,198282
2019-10-27 5:30,198399
2019-10-28 5:30,198585
2019-10-29 5:30,198729
2019-10-30 5:30,198929
2019-10-31 5:30,199110
2019-11-01 5:30,199208
2019-11-02 5:30,199314
2019-11-03 5:30,199442
2019-11-04 5:30,199587
2019-11-05 5:30,199694
2019-11-06 5:30,199828
2019-11-07 5:30,200026
2019-11-08 5:30,200100
2019-11-09 5:30,200226
2019-11-10 5:30,200483
2019-11-11 5:30,200789
2019-11-12 5:30,200978
2019-11-13 5:30,201046
2019-11-14 5:30,201163
2019-11-15 5:30,201272
2019-11-16 5:30,201324
2019-11-17 5:30,201430
2019-11-18 5:30,201755
2019-11-19 5:30,202032
2019-11-20 5:30,202194
2019-11-21 5:30,202370
2019-11-22 5:30,202520
2019-11-23 5:30,202718
2019-11-24 5:30,203016
2019-11-25 5:30,203204
2019-11-26 5:30,203391
2019-11-27 5:30,203471
2019-11-28 5:30,203534
2019-11-29 5:30,203558
2019-11-30 5:30,203702
2019-12-01 5:30,203817
2019-12-02 5:30,204109
2019-12-03 5:30,204294
2019-12-04 5:30,204371
2019-12-05 5:30,205147
2019-12-06 5:30,205274
2019-12-07 5:30,205389
2019-12-08 5:30,205583
2019-12-09 5:30,205734
2019-12-10 5:30,205886
2019-12-11 5:30,206005
2019-12-12 5:30,206140
2019-12-13 5:30,206243
2019-12-14 5:30,206320
2019-12-15 5:30,206646
2019-12-16 5:30,206804
2019-12-17 5:30,206894
2019-12-18 5:30,207132
2019-12-19 5:30,207233
2019-12-20 5:30,207384
2019-12-21 5:30,207485
2019-12-22 5:30,208079
2019-12-23 5:30,208530
2019-12-24 5:30,208650
2019-12-25 5:30,208802
2019-12-26 5:30,209064
2019-12-27 5:30,209258
2019-12-28 5:30,209386
2019-12-29 5:30,209565
2019-12-30 5:30,209954
2019-12-31 5:30,210232
2020-01-01 5:30,210777
2020-01-02 5:30,211373
2020-01-03 5:30,211680
2020-01-04 5:30,211889
2020-01-05 5:30,212127
2020-01-06 5:30,212283
2020-01-07 5:30,212561
2020-01-08 5:30,212759
2020-01-09 5:30,212955
2020-01-10 5:30,213163
2020-01-11 5:30,213304
2020-01-12 5:30,213504
2020-01-13 5:30,213661
2020-01-14 5:30,213864
2020-01-15 5:30,214272
2020-01-16 5:30,214445
2020-01-17 5:30,214513
2020-01-18 5:30,214630
2020-01-19 5:30,214770
2020-01-20 5:30,214972
2020-01-21 5:30,215218
2020-01-22 5:30,215377
2020-01-23 5:30,215668
2020-01-24 5:30,215819
2020-01-25 5:30,215950
2020-01-26 5:30,216146
2020-01-27 5:30,216266
2020-01-28 5:30,216353
2020-01-29 5:30,216756
2020-01-30 5:30,216985
2020-01-31 5:30,217257
2020-02-01 5:30,217466
2020-02-02 5:30,217514
2020-02-03 5:30,217754
2020-02-04 5:30,218001
2020-02-05 5:30,218168
2020-02-06 5:30,218321
2020-02-07 5:30,218537
2020-02-08 5:30,218694
2020-02-09 5:30,218822
2020-02-10 5:30,219032
2020-02-11 5:30,219132
2020-02-12 5:30,219237
2020-02-13 5:30,219359
2020-02-14 5:30,219407
2020-02-15 5:30,219472
2020-02-16 5:30,219564
2020-02-17 5:30,219717
2020-02-18 5:30,219878
2020-02-19 5:30,220175
2020-02-20 5:30,220387
2020-02-21 5:30,220648
2020-02-22 5:30,220713
2020-02-23 5:30,220907
2020-02-24 5:30,221154
2020-02-25 5:30,221270
2020-02-26 5:30,221408
2020-02-27 5:30,221512
2020-02-28 5:30,221587
2020-02-29 5:30,221655
2020-03-01 5:30,221815
2020-03-02 5:30,222012
2020-03-03 5:30,222211
2020-03-04 5:30,222356
2020-03-05 5:30,222443
2020-03-06 5:30,222569
2020-03-07 5:30,222645
2020-03-08 5:30,222772
2020-03-09 5:30,222889
2020-03-10 5:30,223066
2020-03-11 5:30,223221
2020-03-12 5:30,223278
2020-03-13 5:30,223305
2020-03-14 5:30,223381
2020-03-15 5:30,223411
2020-03-16 5:30,223458
2020-03-17 5:30,223490
2020-03-18 5:30,223516
2020-03-19 5:30,223537
2020-03-20 5:30,223625
2020-03-21 5:30,223654
2020-03-22 5:30,223746
2020-03-23 5:30,223824
2020-03-24 5:30,224111
2020-03-25 5:30,224190
2020-03-26 5:30,224210
2020-03-27 5:30,224230
2020-03-28 5:30,224317
2020-03-29 5:30,224451
2020-03-30 5:30,224540
2020-03-31 5:30,224589
2020-04-01 5:30,224621
2020-04-02 5:30,224719
2020-04-03 5:30,224811
2020-04-04 5:30,224895
2020-04-05 5:30,224981
2020-04-06 5:30,225094
2020-04-07 5:30,225165
2020-04-08 5:30,225480
2020-04-09 5:30,225677
2020-04-10 5:30,225760
2020-04-11 5:30,225827
2020-04-12 5:30,225980
2020-04-13 5:30,226097
2020-04-14 5:30,226194
2020-04-15 5:30,226344
2020-04-16 5:30,226381
2020-04-17 5:30,226471
2020-04-18 5:30,226563
2020-04-19 5:30,226694
2020-04-20 5:30,226797
2020-04-21 5:30,227222
2020-04-22 5:30,227356
2020-04-23 5:30,227432
2020-04-24 5:30,227571
2020-04-25 5:30,227645
2020-04-26 5:30,227791
2020-04-27 5:30,227895
2020-04-28 5:30,227996
2020-04-29 5:30,228063
2020-04-30 5:30,228147
2020-05-01 5:30,228241
2020-05-02 5:30,228313
2020-05-03 5:30,228480
2020-05-04 5:30,228651
2020-05-05 5:30,228994
2020-05-06 5:30,229191
2020-05-07 5:30,229312
2020-05-08 5:30,229454
2020-05-09 5:30,229553
2020-05-10 5:30,229662
2020-05-11 5:30,229772
2020-05-12 5:30,229863
2020-05-13 5:30,229953
2020-05-14 5:30,230067
2020-05-15 5:30,230222
2020-05-16 5:30,230391
2020-05-17 5:30,230568
2020-05-18 5:30,230694
2020-05-19 5:30,230808
2020-05-20 5:30,230963
2020-05-21 5:30,231020
2020-05-22 5:30,231160
2020-05-23 5:30,231293
2020-05-24 5:30,231453
2020-05-25 5:30,231706
2020-05-26 5:30,231891
2020-05-27 5:30,231957
2020-05-28 5:30,232049
2020-05-29 5:30,232139
2020-05-30 5:30,232229
2020-05-31 5:30,232304
2020-06-01 5:30,232458
2020-06-02 5:30,232663
2020-06-03 5:30,232799
2020-06-04 5:30,233063
2020-06-05 5:30,233121
2020-06-06 5:30,233362
2020-06-07 5:30,233537
2020-06-08 5:30,233685
2020-06-09 5:30,233788
2020-06-10 5:30,233919
2020-06-11 5:30,234024
2020-06-12 5:30,234144
2020-06-13 5:30,234194
2020-06-14 5:30,234357
2020-06-15 5:30,234534
2020-06-16 5:30,234710
2020-06-17 5:30,234846
2020-06-18 5:30,234950
2020-06-19 5:30,235079
2020-06-20 5:30,235207
2020-06-21 5:30,235342
2020-06-22 5:30,235546
2020-06-23 5:30,235668
2020-06-24 5:30,235819
2020-06-25 5:30,236002
2020-06-26 5:30,236069
2020-06-27 5:30,236146
2020-06-28 5:30,236321
2020-06-29 5:30,236589
2020-06-30 5:30,236700
2020-07-01 5:30,236803
2020-07-02 5:30,236932
2020-07-03 5:30,237041
2020-07-04 5:30,237142
2020-07-05 5:30,237307
2020-07-06 5:30,237483
2020-07-07 5:30,237701
2020-07-08 5:30,237838
2020-07-09 5:30,237915
2020-07-10 5:30,238030
2020-07-11 5:30,238150
2020-07-12 5:30,238373
2020-07-13 5:30,238527
2020-07-14 5:30,238679
2020-07-15 5:30,238763
2020-07-16 5:30,238837
2020-07-17 5:30,238909
2020-07-18 5:30,239016
2020-07-19 5:30,239100
2020-07-20 5:30,239257
2020-07-21 5:30,239409
2020-07-22 5:30,239532
2020-07-23 5:30,239639
2020-07-24 5:30,239712
2020-07-25 5:30,239854
2020-07-26 5:30,240135
2020-07-27 5:30,240270
2020-07-28 5:30,240371
2020-07-29 5:30,240511
2020-07-30 5:30,240633
2020-07-31 5:30,240870
2020-08-01 5:30,241294
2020-08-02 5:30,241497
2020-08-03 5:30,241693
2020-08-04 5:30,241943
2020-08-05 5:30,242102
2020-08-06 5:30,242222
2020-08-07 5:30,242357
2020-08-08 5:30,242462
2020-08-09 5:30,242615
2020-08-10 5:30,242781
2020-08-11 5:30,242965
2020-08-12 5:30,243263
2020-08-13 5:30,243417
2020-08-14 5:30,243535
2020-08-15 5:30,243587
2020-08-16 5:30,243749
2020-08-17 5:30,243960
2020-08-18 5:30,244190
2020-08-19 5:30,244352
2020-08-20 5:30,244651
2020-08-21 5:30,244758
2020-08-22 5:30,244874
2020-08-23 5:30,245037
2020-08-24 5:30,245184
2020-08-25 5:30,245463
2020-08-26 5:30,245625
2020-08-27 5:30,245790
2020-08-28 5:30,245886
2020-08-29 5:30,246041
2020-08-30 5:30,246980
2020-08-31 5:30,247090
2020-09-01 5:30,247269
2020-09-02 5:30,247365
2020-09-03 5:30,247442
2020-09-04 5:30,247553
2020-09-05 5:30,247642
2020-09-06 5:30,247718
2020-09-07 5:30,247841
2020-09-08 5:30,248122
2020-09-09 5:30,248317
2020-09-10 5:30,248367
2020-09-11 5:30,248454
2020-09-12 5:30,
2020-09-13 5:30,
2020-09-14 5:30,
2020-09-15 5:30,249108
2020-09-16 5:30,
2020-09-17 5:30,
2020-09-18 5:30,249520
2020-09-19 5:30,
2020-09-20 5:30,
2020-09-21 5:30,
2020-09-22 5:30,249877
2020-09-23 5:30,
2020-09-24 5:30,
2020-09-25 5:30,250268
2020-09-26 5:30,
2020-09-27 5:30,
2020-09-28 5:30,
2020-09-29 5:30,250941
2020-09-30 5:30,251074
2020-10-01 5:30,251264
2020-10-02 5:30,251413
2020-10-03 5:30,251534
2020-10-04 5:30,251622
2020-10-05 5:30,251842
2020-10-06 5:30,251956
2020-10-07 5:30,252046
2020-10-08 5:30,252159
2020-10-09 5:30,252274
2020-10-10 5:30,252367
2020-10-11 5:30,252550
2020-10-12 5:30,252700
2020-10-13 5:30,253263
2020-10-14 5:30,253721
2020-10-15 5:30,253797
2020-10-16 5:30,253857
2020-10-17 5:30,253937
2020-10-18 5:30,254132
2020-10-19 5:30,254291
2020-10-20 5:30,254476
2020-10-21 5:30,254658
2020-10-22 5:30,255015
2020-10-23 5:30,255122
2020-10-24 5:30,255184
2020-10-25 5:30,255341
2020-10-26 5:30,255492
2020-10-27 5:30,
2020-10-28 5:30,255789
2020-10-29 5:30,
2020-10-30 5:30,
2020-10-31 5:30,256026
2020-11-01 5:30,256133
2020-11-02 5:30,
2020-11-03 5:30,256402
2020-11-04 5:30,
2020-11-05 5:30,256731
2020-11-06 5:30,258038
2020-11-07 5:30,258458
2020-11-08 5:30,258551
2020-11-09 5:30,258773
2020-11-10 5:30,258937
2020-11-11 5:30,259117
2020-11-12 5:30,259244
2020-11-13 5:30,259345
2020-11-14 5:30,259406
2020-11-15 5:30,259536
2020-11-16 5:30,259659
2020-11-17 5:30,259806
2020-11-18 5:30,260070
2020-11-19 5:30,260315
2020-11-20 5:30,260504
2020-11-21 5:30,260613
2020-11-22 5:30,260684
2020-11-23 5:30,260829
2020-11-24 5:30,260932
2020-11-25 5:30,261077
2020-11-26 5:30,261178
2020-11-27 5:30,261317
2020-11-28 5:30,261530
2020-11-29 5:30,261717
2020-11-30 5:30,261939
2020-12-01 5:30,262081
2020-12-02 5:30,262099
2020-12-03 5:30,262344
2020-12-04 5:30,262351
2020-12-05 5:30,262544
2020-12-06 5:30,262559
2020-12-07 5:30,262903
2020-12-08 5:30,
2020-12-09 5:30,
2020-12-10 5:30,
2020-12-11 5:30,
2020-12-12 5:30,
2020-12-13 5:30,
2020-12-14 5:30,263841
2020-12-15 5:30,
2020-12-16 5:30,
2020-12-17 5:30,
2020-12-18 5:30,264787
2020-12-19 5:30,
2020-12-20 5:30,
2020-12-21 5:30,265091
2020-12-22 5:30,265255
2020-12-23 5:30,265412
2020-12-24 5:30,265501
2020-12-25 5:30,265540
2020-12-26 5:30,265777
2020-12-27 5:30,265995
2020-12-28 5:30,266465
2020-12-29 5:30,266624
2020-12-30 5:30,267261
2020-12-31 5:30,267623
2021-01-01 5:30,268256
2021-01-02 5:30,268697
2021-01-03 5:30,269262
2021-01-04 5:30,269862
2021-01-05 5:30,270302
2021-01-06 5:30,270527
2021-01-07 5:30,270659
2021-01-08 5:30,270990
2021-01-09 5:30,271132
2021-01-10 5:30,271281
2021-01-11 5:30,271430
2021-01-12 5:30,271576
2021-01-13 5:30,271720
2021-01-14 5:30,271881
2021-01-15 5:30,272023
2021-01-16 5:30,
2021-01-17 5:30,
2021-01-18 5:30,272380
2021-01-19 5:30,
2021-01-20 5:30,
2021-01-21 5:30,
2021-01-22 5:30,
2021-01-23 5:30,
2021-01-24 5:30,274626
2021-01-25 5:30,
2021-01-26 5:30,
2021-01-27 5:30,
2021-01-28 5:30,276298
2021-01-29 5:30,276440
2021-01-30 5:30,
2021-01-31 5:30,
2021-02-01 5:30,
2021-02-02 5:30,
2021-02-03 5:30,277586
2021-02-04 5:30,277757
2021-02-05 5:30,277900
2021-02-06 5:30,278027
2021-02-07 5:30,278303
2021-02-08 5:30,278472
2021-02-09 5:30,278662
2021-02-10 5:30,278777
2021-02-11 5:30,279737
2021-02-12 5:30,279822
2021-02-13 5:30,279907
2021-02-14 5:30,280072
2021-02-15 5:30,280217
2021-02-16 5:30,280360
2021-02-17 5:30,280521
2021-02-18 5:30,280648
2021-02-19 5:30,280869
2021-02-20 5:30,281034
2021-02-21 5:30,281345
2021-02-22 5:30,281506
2021-02-23 5:30,281879
2021-02-24 5:30,282110
2021-02-25 5:30,282240
2021-02-26 5:30,282371
2021-02-27 5:30,282425
2021-02-28 5:30,282580
2021-03-01 5:30,282785
2021-03-02 5:30,283024
2021-03-03 5:30,283109
2021-03-04 5:30,283222
2021-03-05 5:30,283324
2021-03-06 5:30,283387
2021-03-07 5:30,283528
2021-03-08 5:30,283712
2021-03-09 5:30,283931
2021-03-10 5:30,284107
2021-03-11 5:30,284330
2021-03-12 5:30,284405
2021-03-13 5:30,284489
2021-03-14 5:30,284676
2021-03-15 5:30,284898
2021-03-16 5:30,285155
2021-03-17 5:30,285235
2021-03-18 5:30,285337
2021-03-19 5:30,285451
2021-03-20 5:30,285556
2021-03-21 5:30,285692
2021-03-22 5:30,285839
2021-03-23 5:30,285953
2021-03-24 5:30,286047
2021-03-25 5:30,286164
2021-03-26 5:30,286283
2021-03-27 5:30,286351
2021-03-28 5:30,286477
2021-03-29 5:30,286619
2021-03-30 5:30,286676
2021-03-31 5:30,286742
2021-04-01 5:30,286829
2021-04-02 5:30,286905
2021-04-03 5:30,287024
2021-04-04 5:30,287210
2021-04-05 5:30,287386
2021-04-06 5:30,287527
2021-04-07 5:30,287606
2021-04-08 5:30,287735
2021-04-09 5:30,287797
2021-04-10 5:30,287966
2021-04-11 5:30,288078
2021-04-12 5:30,288506
2021-04-13 5:30,288707
2021-04-14 5:30,288825
2021-04-15 5:30,288892
2021-04-16 5:30,288973
2021-04-17 5:30,289015
2021-04-18 5:30,289251
2021-04-19 5:30,289748
2021-04-20 5:30,289901
2021-04-21 5:30,289990
2021-04-22 5:30,290088
2021-04-23 5:30,290237
2021-04-24 5:30,290426
2021-04-25 5:30,290592
2021-04-26 5:30,290780
2021-04-27 5:30,290944
2021-04-28 5:30,291034
2021-04-29 5:30,291153
2021-04-30 5:30,291216
2021-05-01 5:30,291296
2021-05-02 5:30,291388
2021-05-03 5:30,291548
2021-05-04 5:30,291680
2021-05-05 5:30,291782
2021-05-06 5:30,291873
2021-05-07 5:30,291985
2021-05-08 5:30,292093
2021-05-09 5:30,292201
2021-05-10 5:30,292389
2021-05-11 5:30,292693
2021-05-12 5:30,292810
2021-05-13 5:30,292874
2021-05-14 5:30,292957
2021-05-15 5:30,293046
2021-05-16 5:30,293129
2021-05-17 5:30,293303
2021-05-18 5:30,293461
2021-05-19 5:30,293547
2021-05-20 5:30,293982
2021-05-21 5:30,294042
2021-05-22 5:30,294096
2021-05-23 5:30,294154
2021-05-24 5:30,294343
2021-05-25 5:30,294481
2021-05-26 5:30,294677
2021-05-27 5:30,294825
2021-05-28 5:30,294941
2021-05-29 5:30,295233
2021-05-30 5:30,295309
2021-05-31 5:30,295470
2021-06-01 5:30,295649
2021-06-02 5:30,295783
2021-06-03 5:30,295888
2021-06-04 5:30,295941
2021-06-05 5:30,296038
2021-06-06 5:30,296219
2021-06-07 5:30,296409
2021-06-08 5:30,296657
2021-06-09 5:30,296969
2021-06-10 5:30,297076
2021-06-11 5:30,297178
2021-06-12 5:30,297235
2021-06-13 5:30,297578
2021-06-14 5:30,297894
2021-06-15 5:30,298102
2021-06-16 5:30,298540
2021-06-17 5:30,298681
2021-06-18 5:30,298918
2021-06-19 5:30,299016
2021-06-20 5:30,299110
2021-06-21 5:30,299238
2021-06-22 5:30,299284
2021-06-23 5:30,299395
2021-06-24 5:30,299499
2021-06-25 5:30,299679
2021-06-26 5:30,299814
2021-06-27 5:30,300066
2021-06-28 5:30,300354
2021-06-29 5:30,300536
2021-06-30 5:30,300802
2021-07-01 5:30,300916
2021-07-02 5:30,301044
2021-07-03 5:30,301128
2021-07-04 5:30,301202
2021-07-05 5:30,301466
2021-07-06 5:30,301718
2021-07-07 5:30,301992
2021-07-08 5:30,302167
2021-07-09 5:30,302251
2021-07-10 5:30,302362
2021-07-11 5:30,302488
2021-07-12 5:30,302729
2021-07-13 5:30,303004
2021-07-14 5:30,303201
2021-07-15 5:30,303365
2021-07-16 5:30,303443
2021-07-17 5:30,303620
2021-07-18 5:30,303849
2021-07-19 5:30,304064
2021-07-20 5:30,304243
2021-07-21 5:30,304446
